,NAAF,A,C,D,E,F,G,H,I,K,L,M,N,P,Q,R,S,T,V,W,Y,c-carb,m-oxid,n-deam,q-deam,% C w/ carb.,% M w/ oxid,% N w/ deam,% Q w/ deam,NAAF check
sample total,116.05703833998182,92.49304384929113,5.327638839328854,1.7448786910129703,1.1850648777980417,2.6118482840740462,5.851268365760669,4.692015921122582,0.0,3.0445468966070943,141.44623786114676,4.621668207749176,15.587286971776441,118.66556115978324,0.961995766345083,114.26435444062686,144.8871923225374,111.89676600085303,208.2999878829142,1.9047598794038954,2.485780744660673,5.327638839328854,1.591101840067062,0.08681987427898377,0.0,1.0,0.34427002730296674,0.005569915690664232,0.0,0.00015136250011462272
