,NAAF,A,C,D,E,F,G,H,I,K,L,M,N,P,Q,R,S,T,V,W,Y,c-carb,m-oxid,n-deam,q-deam,% C w/ carb.,% M w/ oxid,% N w/ deam,% Q w/ deam,NAAF check
sample total,229.13023886846867,155.874229412031,4.351412342581203,1.1764860400031656,9.88928159665846,60.73878519069457,46.70128936413988,110.44552255348526,0.0,73.62755205871031,269.8206338808934,51.33927000547099,47.67193222862154,280.7770474331909,1.7268396429974464,190.07048437918868,222.8274514248338,190.49464731373834,324.10088461633325,4.515943672262055,35.0569032838021,4.351412342581203,6.354252089813095,0.4874896833809912,0.0,1.0,0.12376981770749665,0.010225926674067333,0.0,0.00029163994084742244
