,A,C,D,E,F,G,H,I,K,L,M,N,P,Q,R,S,T,V,W,Y,c-carb,m-oxid,n-deam,q-deam,Total area,Total length,% C w/ carb,% M w/ oxid,% N w/ deam,% Q w/ deam,NAAF denom.
sample total,106,43,27,40,99,104,220,0,147,265,133,70,213,35,122,159,92,139,35,79,43,19,9,0,1626319060.0,2070,1.0,0.14285714285714285,0.12857142857142856,0.0,785661.381642512
