,A,C,D,E,F,G,H,I,K,L,M,N,P,Q,R,S,T,V,W,Y,c-carb,m-oxid,n-deam,q-deam,Total area,Total length,% C w/ carb,% M w/ oxid,% N w/ deam,% Q w/ deam,NAAF denom.
sample total,115,31,27,58,68,100,156,0,164,234,119,55,149,27,94,158,89,122,29,57,31,29,9,2,860943267.9,1770,1.0,0.24369747899159663,0.16363636363636364,0.07407407407407407,486408.6259322034
