,NAAF,A,C,D,E,F,G,H,I,K,L,M,N,P,Q,R,S,T,V,W,Y,c-carb,m-oxid,n-deam,q-deam,% C w/ carb.,% M w/ oxid,% N w/ deam,% Q w/ deam,NAAF check
sample total,214.19754032328993,143.1226044097285,5.373007433471229,2.52054443715489,3.6690089032939053,6.138572749208078,11.403500590711566,9.254080006099045,0.0,10.129202761764047,260.0834464807057,6.069752006766698,22.55813433091344,216.90035534894426,0.4184872223430973,208.39650860566582,246.93433889397417,208.4496555092756,417.6588590238364,3.061439009343823,3.4976767187284805,5.373007433471229,1.7505788222483019,0.21940840065396616,0.009302877783735265,1.0,0.2884102711769306,0.009726354025354442,0.02222977736727237,0.0004403654230285685
