,NAAF,A,C,D,E,F,G,H,I,K,L,M,N,P,Q,R,S,T,V,W,Y,c-carb,m-oxid,n-deam,q-deam,% C w/ carb.,% M w/ oxid,% N w/ deam,% Q w/ deam,NAAF check
sample total,59.85932923608498,29.61826234957753,0.02808097885817917,0.40357745732297945,0.5695399746768406,0.10995507394851503,0.8856960444325065,0.33466891640010127,26.039625317402468,0.38794341696504053,51.351527501011205,0.031215202599473815,4.474392341145568,61.659529935660515,0.0845516294813481,61.4726384778014,67.66142286930133,57.157198965361815,123.59084823638835,0.014155563543482639,0.22345317578084212,0.02808097885817917,0.01768132876834107,0.00014614309136979476,0.0014631255909408304,1.0,0.5664332535403477,3.2662109226742085e-05,0.017304522691234385,0.00047654624088082923
