,NAAF,A,C,D,E,F,G,H,I,K,L,M,N,P,Q,R,S,T,V,W,Y,c-carb,m-oxid,n-deam,q-deam,% C w/ carb.,% M w/ oxid,% N w/ deam,% Q w/ deam,NAAF check
sample total,61.084695851651375,48.10298349313683,1.868584613282127,3.163525605209384,3.816922272435204,1.7942484375943957,6.478966121745679,1.0933520939658632,22.807685856544495,3.3340145645982417,67.38064386959918,2.0132453533374806,14.38542378244378,57.68842586491996,1.9853446733726114,59.02926261387307,80.8338651582836,53.968885436145285,82.29924500257883,0.0,1.4794910759155857,1.868584613282127,0.49237463125854714,0.10901411690380727,0.0,1.0,0.24456762333627516,0.007578095616261927,0.0,0.0002935245742553086
