,NAAF,A,C,D,E,F,G,H,I,K,L,M,N,P,Q,R,S,T,V,W,Y,c-carb,m-oxid,n-deam,q-deam,% C w/ carb.,% M w/ oxid,% N w/ deam,% Q w/ deam,NAAF check
sample total,106.220823413322,79.3746580778089,4.13214716760943,1.0961495823214833,2.5868951472860497,0.40354324912113093,9.616256384229287,0.7463007658814687,5.116319635098971,2.6578343008440592,102.82346689842653,0.014496309105006051,17.737103044210212,105.53263344768472,2.1778181498444935,104.36320536114906,106.76102609606309,130.74543443450855,223.08067247253328,1.3499728032277196,2.669413266167094,4.13214716760943,0.0,0.3418648944783451,0.34957269422006043,1.0,0.0,0.019273998331420728,0.16051509821654372,0.0001690035244669514
