,NAAF,A,C,D,E,F,G,H,I,K,L,M,N,P,Q,R,S,T,V,W,Y,c-carb,m-oxid,n-deam,q-deam,% C w/ carb.,% M w/ oxid,% N w/ deam,% Q w/ deam,NAAF check
sample total,141.77871434062024,164.6181406640758,55.888025917932936,6.8242025619338165,27.80040280570979,15.217149552259224,129.7150067687747,5.6589845173147655,86.33551572486614,62.17862085480619,162.16642298765004,5.979612247619714,89.61119668539635,115.95189184965332,20.645289442692153,89.44830733635541,177.5934004541659,153.81513827764857,164.73461381075455,23.88729635962479,36.682456050847826,55.888025917932936,1.4279699085123527,26.77301407170792,3.3724597598857384,1.0,0.23880643917685135,0.2987686255959913,0.16335250562832354,0.0015386525669294896
