,A,C,D,E,F,G,H,I,K,L,M,N,P,Q,R,S,T,V,W,Y,c-carb,m-oxid,n-deam,q-deam,Total area,Total length,% C w/ carb,% M w/ oxid,% N w/ deam,% Q w/ deam,NAAF denom.
sample total,138,26,46,70,40,156,17,99,85,136,27,78,75,65,73,140,79,125,11,40,26,8,22,25,127436151.7,1383,1.0,0.2962962962962963,0.28205128205128205,0.38461538461538464,92144.72284887925
