,NAAF,A,C,D,E,F,G,H,I,K,L,M,N,P,Q,R,S,T,V,W,Y,c-carb,m-oxid,n-deam,q-deam,% C w/ carb.,% M w/ oxid,% N w/ deam,% Q w/ deam,NAAF check
sample total,180.18898902337006,115.72246264355522,5.649370390730195,5.186264078254791,7.981363325643635,2.3058228166544064,22.66496657112048,4.7132667380682145,10.04648469706531,12.372276429399403,152.06958400753774,3.204611638475367,35.068731478371944,176.3977133647862,8.409580826281642,172.98507946991992,176.69839776190827,232.43517297905876,397.3937819547861,2.2332193755168395,1.820970519282775,5.649370390730195,0.053590912178661805,0.6469799052833832,0.5104170092872227,1.0,0.01672305983515629,0.018448910981636084,0.06069470284322213,0.0008028789107848745
