,A,C,D,E,F,G,H,I,K,L,M,N,P,Q,R,S,T,V,W,Y,c-carb,m-oxid,n-deam,q-deam,Total area,Total length,% C w/ carb,% M w/ oxid,% N w/ deam,% Q w/ deam,NAAF denom.
sample total,115,19,38,58,54,220,29,124,112,182,11,73,76,40,66,177,63,97,6,26,19,5,13,11,342702470.5,1527,1.0,0.45454545454545453,0.1780821917808219,0.275,224428.59888670596
