,A,C,D,E,F,G,H,I,K,L,M,N,P,Q,R,S,T,V,W,Y,c-carb,m-oxid,n-deam,q-deam,Total area,Total length,% C w/ carb,% M w/ oxid,% N w/ deam,% Q w/ deam,NAAF denom.
sample total,124,48,81,91,71,103,130,0,151,303,131,115,155,38,132,203,119,167,35,78,48,25,15,5,1125792530.0,2150,1.0,0.19083969465648856,0.13043478260869565,0.13157894736842105,523624.43255813955
