,NAAF,A,C,D,E,F,G,H,I,K,L,M,N,P,Q,R,S,T,V,W,Y,c-carb,m-oxid,n-deam,q-deam,% C w/ carb.,% M w/ oxid,% N w/ deam,% Q w/ deam,NAAF check
sample total,260.31906271429443,195.876801199141,9.443364964255672,7.8113748589093355,3.8180586020149496,6.97598483037114,13.505494967289696,13.96836430156201,0.0,9.157137135689956,322.4094946025705,16.231691118204484,41.52629227859276,263.5220566673235,2.031090899565443,254.3488616797279,324.0898465788206,247.9914553459365,457.64905390009255,1.7485740583961156,7.270404728011554,9.443364964255672,5.020876085193333,1.3690949349697332,0.37152900928685756,1.0,0.3093255070361844,0.032969351700958764,0.18292091671837393,0.0004971484264830591
