,NAAF,A,C,D,E,F,G,H,I,K,L,M,N,P,Q,R,S,T,V,W,Y,c-carb,m-oxid,n-deam,q-deam,% C w/ carb.,% M w/ oxid,% N w/ deam,% Q w/ deam,NAAF check
sample total,391.7954875494641,289.8808409312531,6.606487667744512,6.5313867873774125,5.105102899319172,17.88132448526297,16.424707984480214,26.433597016685766,0.0,15.770217352388318,493.46745933051864,19.707613661020616,75.3870713240251,397.6374724904788,2.641183701487602,382.2441369235817,501.32398302242296,370.03723619942275,673.336688823603,2.398593603178187,13.376500097167359,6.606487667744512,3.630846066296558,3.4234897583997874,0.23846064322409777,1.0,0.18423570345698181,0.04541216017909898,0.09028551974245065,0.00046617752871374885
