,A,C,D,E,F,G,H,I,K,L,M,N,P,Q,R,S,T,V,W,Y,c-carb,m-oxid,n-deam,q-deam,Total area,Total length,% C w/ carb,% M w/ oxid,% N w/ deam,% Q w/ deam,NAAF denom.
sample total,200,77,108,148,123,141,173,0,253,455,174,195,247,63,193,302,170,246,58,124,77,46,39,4,2759173290.0,3283,1.0,0.26436781609195403,0.2,0.06349206349206349,840442.6713371916
