,A,C,D,E,F,G,H,I,K,L,M,N,P,Q,R,S,T,V,W,Y,c-carb,m-oxid,n-deam,q-deam,Total area,Total length,% C w/ carb,% M w/ oxid,% N w/ deam,% Q w/ deam,NAAF denom.
sample total,78,13,24,30,24,94,21,64,52,115,13,57,53,21,55,86,53,75,2,28,13,6,15,6,231240999.6,887,1.0,0.46153846153846156,0.2631578947368421,0.2857142857142857,260700.1122886133
