,NAAF,A,C,D,E,F,G,H,I,K,L,M,N,P,Q,R,S,T,V,W,Y,c-carb,m-oxid,n-deam,q-deam,% C w/ carb.,% M w/ oxid,% N w/ deam,% Q w/ deam,NAAF check
sample total,101.18899698445301,66.92524431280114,4.203951363789443,1.1583231675782113,6.787045817522934,3.8157420686124834,15.582108575087782,9.8935737434564,12.167721828736596,8.234003584808173,96.61120377263937,0.37099312833909787,33.31323526152693,92.96486428252936,3.1877989152669075,98.52652820323394,104.11422181054908,123.18579476926811,209.77935041876484,1.196498421072733,8.419809288620106,4.203951363789443,0.3315111728996621,4.818651865078991,0.45700977630544387,1.0,0.8935776637799389,0.14464676958722159,0.1433621719728766,0.0003881432811669816
