,A,C,D,E,F,G,H,I,K,L,M,N,P,Q,R,S,T,V,W,Y,c-carb,m-oxid,n-deam,q-deam,Total area,Total length,% C w/ carb,% M w/ oxid,% N w/ deam,% Q w/ deam,NAAF denom.
sample total,64,16,16,26,19,61,13,55,44,82,6,44,31,22,34,66,32,51,4,15,16,1,3,6,127130050.0,650,1.0,0.16666666666666666,0.06818181818181818,0.2727272727272727,195584.6923076923
