,NAAF,A,C,D,E,F,G,H,I,K,L,M,N,P,Q,R,S,T,V,W,Y,c-carb,m-oxid,n-deam,q-deam,% C w/ carb.,% M w/ oxid,% N w/ deam,% Q w/ deam,NAAF check
sample total,72.84697847876626,55.08699407312123,5.205762193119501,1.2897530953206877,4.476697600385054,2.934618187287162,15.351337526502533,3.0546716962321616,12.319279867283653,3.9025456026707954,72.293600498989,2.131330170252311,20.18356436813605,68.70784323739592,4.254787936389418,67.3234954029122,72.50725384173573,90.13031702243437,150.68160190844816,1.3586844433070662,5.563173676231033,5.205762193119501,0.0038985668612512956,0.15670960563587177,0.17202444276602272,1.0,0.0018291707759149187,0.007764218587836272,0.04043079122575528,0.00037245746392079276
