,NAAF,A,C,D,E,F,G,H,I,K,L,M,N,P,Q,R,S,T,V,W,Y,c-carb,m-oxid,n-deam,q-deam,% C w/ carb.,% M w/ oxid,% N w/ deam,% Q w/ deam,NAAF check
sample total,171.03366855219275,122.86028585149938,5.558887408221616,2.017144913330165,8.45334183243974,6.695468979910256,23.535786441557818,3.176733926919507,8.74296839638375,13.325152422444868,163.30755949329546,0.6412460435438783,47.81839663703044,162.32682820457168,4.729897015637578,164.4914039823811,179.56045441169425,221.51653476906978,346.86374407800236,2.4776302850876166,9.984479751537044,5.558887408221616,0.11563269059539476,7.78169081142371,0.21222875208344286,1.0,0.18032499655880124,0.1627342478772613,0.04486963487403435,0.0006883374886161959
