,A,C,D,E,F,G,H,I,K,L,M,N,P,Q,R,S,T,V,W,Y,c-carb,m-oxid,n-deam,q-deam,Total area,Total length,% C w/ carb,% M w/ oxid,% N w/ deam,% Q w/ deam,NAAF denom.
sample total,112,13,41,63,53,229,37,86,90,152,12,75,55,44,81,193,85,93,8,42,13,8,16,12,366995453.0,1477,1.0,0.6666666666666666,0.21333333333333335,0.2727272727272727,248473.5633039946
