,NAAF,A,C,D,E,F,G,H,I,K,L,M,N,P,Q,R,S,T,V,W,Y,c-carb,m-oxid,n-deam,q-deam,% C w/ carb.,% M w/ oxid,% N w/ deam,% Q w/ deam,NAAF check
sample total,55.24114090378213,35.68562942810195,0.5766261067686579,0.5678905210625808,5.655817213590697,0.3525593011916899,3.2734124481885893,4.760015034974856,19.249468562681642,9.05385624791649,52.753642719118524,0.07440107170607473,8.094272510767997,53.58860328651309,0.5587012961648337,51.76107259070143,61.88150475236411,47.82670183362473,95.13167020938052,0.01051631059426739,0.03836734692504921,0.5766261067686579,0.021366733139706814,0.08428231014466309,0.1027476408530531,1.0,0.2871831366101445,0.010412586187645696,0.18390442542080565,0.0003630831220786635
