,NAAF,A,C,D,E,F,G,H,I,K,L,M,N,P,Q,R,S,T,V,W,Y,c-carb,m-oxid,n-deam,q-deam,% C w/ carb.,% M w/ oxid,% N w/ deam,% Q w/ deam,NAAF check
sample total,50.82427583491012,34.43437913018547,0.9037727198568015,0.7712927092508953,5.391428762743991,0.440731270220999,1.4979537770839735,4.159971560610666,15.155710990210318,7.744997935216631,54.922159298835574,0.030041621164487026,10.350394886995304,47.40272358416408,0.41991853027946024,47.48559353570671,64.3095066850367,44.28233338033128,81.28251794549578,0.0,0.10635649219727662,0.9037727198568015,0.005906233453166114,0.0,0.0,1.0,0.19660168873136663,0.0,0.0,0.00019099472205880483
