,NAAF,A,C,D,E,F,G,H,I,K,L,M,N,P,Q,R,S,T,V,W,Y,c-carb,m-oxid,n-deam,q-deam,% C w/ carb.,% M w/ oxid,% N w/ deam,% Q w/ deam,NAAF check
sample total,124.47283345251188,103.4578409372948,4.0825296992033815,4.025540313482696,5.365336080325534,2.2347163686334235,9.62672476703674,2.9895743320190196,36.82473729767778,3.4507987030271523,126.07574497800296,0.6881973368943417,28.68346738313023,120.64612616792442,2.7391999776823552,119.6421151628043,143.67117406044406,138.60821333512175,201.10317493229263,0.9395173747671155,1.587078882046097,4.0825296992033815,0.1322528046652991,0.40675074990452476,0.6697924159911658,1.0,0.19217279343468854,0.014180668761955516,0.2445211818955544,0.0004175963807900059
