,A,C,D,E,F,G,H,I,K,L,M,N,P,Q,R,S,T,V,W,Y,c-carb,m-oxid,n-deam,q-deam,Total area,Total length,% C w/ carb,% M w/ oxid,% N w/ deam,% Q w/ deam,NAAF denom.
sample total,78,23,46,80,31,98,22,76,53,124,11,96,38,42,35,89,72,63,6,21,23,7,14,17,311780920.0,1046,1.0,0.6363636363636364,0.14583333333333334,0.40476190476190477,298069.71319311665
