,NAAF,A,C,D,E,F,G,H,I,K,L,M,N,P,Q,R,S,T,V,W,Y,c-carb,m-oxid,n-deam,q-deam,% C w/ carb.,% M w/ oxid,% N w/ deam,% Q w/ deam,NAAF check
sample total,163.6790093450354,129.82935369754588,5.76297313116522,10.411807490619609,10.838287337095192,3.8789183834722656,14.49740616870295,4.04659580590888,12.372790170696558,9.366003598011662,176.72894386213628,0.8188490450759607,44.207868625655145,156.4670136197604,4.8173657325239905,151.87727387166504,184.1239412419833,187.2749376573227,291.2151699909865,1.8221101776628945,3.160223458046253,5.76297313116522,0.8075930886002275,0.8202527713553822,0.8576081228455504,1.0,0.9862539297768992,0.018554451885051185,0.17802429179405874,0.00044935702565338003
