,A,C,D,E,F,G,H,I,K,L,M,N,P,Q,R,S,T,V,W,Y,c-carb,m-oxid,n-deam,q-deam,Total area,Total length,% C w/ carb,% M w/ oxid,% N w/ deam,% Q w/ deam,NAAF denom.
sample total,123,31,71,109,39,129,21,114,69,158,11,133,44,52,42,139,81,71,17,28,31,10,23,17,505216950.0,1387,1.0,0.9090909090909091,0.17293233082706766,0.3269230769230769,364251.58615717373
