,NAAF,A,C,D,E,F,G,H,I,K,L,M,N,P,Q,R,S,T,V,W,Y,c-carb,m-oxid,n-deam,q-deam,% C w/ carb.,% M w/ oxid,% N w/ deam,% Q w/ deam,NAAF check
sample total,48.70700596315344,33.122495736410265,0.014678237598571153,0.16725202705854886,0.3177966307869305,0.108637415712286,2.8403984790981114,0.4744543400218725,0.0,0.3340682662467625,63.16615302358824,0.5410435835636396,6.058079811191175,51.095860119600104,0.09731934773919687,48.518763612182234,59.724692475919426,45.648602493768735,89.50059981948141,0.06954511000201391,0.25765191201796966,0.014678237598571153,0.12153766170964611,0.1510260841349583,0.0,1.0,0.22463562160579692,0.024929695355938645,0.0,0.0001823808689393337
