,NAAF,A,C,D,E,F,G,H,I,K,L,M,N,P,Q,R,S,T,V,W,Y,c-carb,m-oxid,n-deam,q-deam,% C w/ carb.,% M w/ oxid,% N w/ deam,% Q w/ deam,NAAF check
sample total,78.60807875232767,58.82426073465185,0.7403265032794487,1.4696819101598364,2.3567484778982437,1.4780654671014068,5.93613793179923,1.3847436596007892,0.0,5.762197949528994,110.88350464294152,2.679607662880517,22.637083729755485,77.53844553834618,1.0786399801595288,74.4804049863847,117.59698377694883,70.67850133707037,113.2591418768581,0.48141525681803,0.7151517209456733,0.7403265032794487,1.323859206518282,0.3636738543129481,0.029772758552307387,1.0,0.4940496419894409,0.016065402180534157,0.027602127771959698,0.00018665602169570315
