,A,C,D,E,F,G,H,I,K,L,M,N,P,Q,R,S,T,V,W,Y,c-carb,m-oxid,n-deam,q-deam,Total area,Total length,% C w/ carb,% M w/ oxid,% N w/ deam,% Q w/ deam,NAAF denom.
sample total,58,11,20,23,16,39,5,0,54,97,23,37,46,15,50,96,36,56,8,11,11,12,4,2,280478390.0,666,1.0,0.5217391304347826,0.10810810810810811,0.13333333333333333,421138.7237237237
