,NAAF,A,C,D,E,F,G,H,I,K,L,M,N,P,Q,R,S,T,V,W,Y,c-carb,m-oxid,n-deam,q-deam,% C w/ carb.,% M w/ oxid,% N w/ deam,% Q w/ deam,NAAF check
sample total,88.46009767438278,64.68933683420593,2.2740129817751136,3.689386057876912,11.093436241340568,2.040301472064802,10.625499190252834,6.310564260240632,9.206747352483276,8.61211408384772,84.09143898884744,0.5593282329606031,19.949171663994967,83.812403637023,2.975846827792705,83.13123066615815,81.15135340950732,104.47549948460721,186.19550086005796,0.39362693170849394,3.468673650406215,2.2740129817751136,0.009731838041357842,1.0403113960114578,0.00908140643012723,1.0,0.017399153963399725,0.05214809985765233,0.05214809985765233,0.00042193920081101167
