,NAAF,A,C,D,E,F,G,H,I,K,L,M,N,P,Q,R,S,T,V,W,Y,c-carb,m-oxid,n-deam,q-deam,% C w/ carb.,% M w/ oxid,% N w/ deam,% Q w/ deam,NAAF check
sample total,237.71264263531384,138.93727019416346,3.6797960002588126,3.9488459846045227,2.994404840581441,19.954044643497625,9.790065744014512,39.10429869357073,0.0,23.623271044929176,295.8309430384853,24.740481683667127,30.990918865644332,244.26142193607603,3.258579571436532,225.34315252539383,270.728755466553,222.58444390913175,444.6766516248538,2.4969358553381875,12.170706754989988,3.6797960002588126,2.630691278847847,0.5002974720158282,0.5795947597421705,1.0,0.10633144950385284,0.016143357161650475,0.1778673029263049,0.00021068660738623692
