,A,C,D,E,F,G,H,I,K,L,M,N,P,Q,R,S,T,V,W,Y,c-carb,m-oxid,n-deam,q-deam,Total area,Total length,% C w/ carb,% M w/ oxid,% N w/ deam,% Q w/ deam,NAAF denom.
sample total,115,40,44,47,93,98,143,0,183,286,121,111,168,41,111,142,109,130,41,69,40,23,10,5,2261064370.0,2004,1.0,0.19008264462809918,0.09009009009009009,0.12195121951219512,1128275.633732535
