,NAAF,A,C,D,E,F,G,H,I,K,L,M,N,P,Q,R,S,T,V,W,Y,c-carb,m-oxid,n-deam,q-deam,% C w/ carb.,% M w/ oxid,% N w/ deam,% Q w/ deam,NAAF check
sample total,70.23734475118091,54.696009400657296,22.474799271953813,7.560941949102775,5.143873714537215,3.2636429714558197,16.60257082194273,0.5767558296521578,0.0,6.343314578914295,107.80329865587801,11.924361632143802,10.281093914396964,81.56717803799218,0.2860050179972933,67.50332891583695,80.3918213852215,67.06825373544196,87.56608135916414,0.9112231528896081,3.1076636037302863,22.474799271953813,11.280812096624807,4.909160935051965,0.0,1.0,0.9460306928478069,0.4774940269904062,0.0,0.000547529065556609
