,NAAF,A,C,D,E,F,G,H,I,K,L,M,N,P,Q,R,S,T,V,W,Y,c-carb,m-oxid,n-deam,q-deam,% C w/ carb.,% M w/ oxid,% N w/ deam,% Q w/ deam,NAAF check
sample total,67.92229744950126,54.28407860568113,0.739814122750376,1.3259118110541281,3.216488208936709,0.6496728396861609,2.635689212957458,2.768749498055297,25.33055630263341,3.5780531275782588,74.74806992785227,0.0014717381438239478,14.042398302386353,64.34950846875613,0.7817884630969967,64.66418411187328,89.4547565587849,65.32517030879484,102.043268745619,0.1280340129403759,0.26766161918762854,0.739814122750376,0.0,0.11429839072904467,0.07241600169121507,1.0,0.0,0.008139520633709763,0.09262863947153234,0.0005505964037657794
