,NAAF,A,C,D,E,F,G,H,I,K,L,M,N,P,Q,R,S,T,V,W,Y,c-carb,m-oxid,n-deam,q-deam,% C w/ carb.,% M w/ oxid,% N w/ deam,% Q w/ deam,NAAF check
sample total,56.20163665777707,29.90006166396211,0.26400959489840287,0.3025664418325381,0.9302689800220483,0.09358306058145001,0.582630014195147,0.39553574305761796,22.129481480254004,0.2455572327253751,51.94274071978862,0.02479182268262808,6.839997102865335,57.39906373710461,0.3333235459539151,58.05900708695071,69.25494171038845,53.865726369700134,110.17723707395233,0.0,0.10844978296357126,0.26400959489840287,0.0,0.07562749007851477,0.1493277513475842,1.0,0.0,0.011056655279405563,0.447996408175227,0.00033467627706553756
