,NAAF,A,C,D,E,F,G,H,I,K,L,M,N,P,Q,R,S,T,V,W,Y,c-carb,m-oxid,n-deam,q-deam,% C w/ carb.,% M w/ oxid,% N w/ deam,% Q w/ deam,NAAF check
sample total,62.262487568858035,50.48503040466181,0.6559324723313057,1.2577297540302663,13.90986366836648,2.6225313685098137,2.4536409647884114,15.006020533148947,24.434122138471196,23.682478228358097,63.152470619027966,0.0018719534027719913,11.624820037971261,48.607844514995605,8.902761849510435,48.63631651015823,66.87326585961223,46.87497757419735,83.12414733907373,0.12349969463956684,0.4163068769040716,0.6559324723313057,0.0,0.13329645337309987,4.203426795605393,1.0,0.0,0.011466539089439743,0.47214862833116666,0.0008741435660217945
