,NAAF,A,C,D,E,F,G,H,I,K,L,M,N,P,Q,R,S,T,V,W,Y,c-carb,m-oxid,n-deam,q-deam,% C w/ carb.,% M w/ oxid,% N w/ deam,% Q w/ deam,NAAF check
sample total,77.20715052414434,38.85977511364712,0.434029089481287,1.3474123195217833,1.062711426530968,0.2880181420729179,1.3631845036488892,0.6111571245055216,31.762172144603976,1.1865849615456476,70.21861877126148,0.8909584548075824,10.443479969807683,77.71587702512436,0.8452840522759286,77.87392556832214,95.2567512883188,73.15418104384884,150.46147268491612,0.0007144176071525452,0.6972604448765576,0.434029089481287,0.05098492488315227,0.09771298807131322,0.0,1.0,0.05722480617142056,0.009356362855466137,0.0,0.00048758583630961836
