,NAAF,A,C,D,E,F,G,H,I,K,L,M,N,P,Q,R,S,T,V,W,Y,c-carb,m-oxid,n-deam,q-deam,% C w/ carb.,% M w/ oxid,% N w/ deam,% Q w/ deam,NAAF check
sample total,39.56624696860462,29.64412165612382,0.9843602613722637,0.11621056981145986,0.5257397692288218,0.07858365924648095,2.565498257153291,0.39371529708038283,12.830313262607987,0.29126818822641826,45.08234926305404,0.11280584962022655,8.785850938396269,40.04343546633953,0.2018322647678386,41.175526645656895,56.727268760729956,37.72469283241363,58.2293193776051,0.13557710420875652,0.7050413729334689,0.9843602613722637,0.0031009045918395286,0.006201809183679057,0.0007511881278681029,1.0,0.027488863408050814,0.0007058860009308453,0.0037218436246165662,0.00038043769583504775
