,NAAF,A,C,D,E,F,G,H,I,K,L,M,N,P,Q,R,S,T,V,W,Y,c-carb,m-oxid,n-deam,q-deam,% C w/ carb.,% M w/ oxid,% N w/ deam,% Q w/ deam,NAAF check
sample total,51.57248872851962,37.46252825256082,0.003859925225597348,0.41865773203890394,0.3106464123271904,0.22037901435008644,1.329711053500294,0.6684614757015239,19.086683737499566,1.011427029394913,55.452667801976816,0.19462431453657036,7.269766951215253,53.17946106091411,0.05091468006121601,53.50427670206535,65.08285930686746,48.764671469624844,81.01582209717208,0.0,0.09820472505595937,0.003859925225597348,0.01793680165140522,0.014389190368357804,0.015088942894635686,1.0,0.09216115516766459,0.001979319346124628,0.2963574135493706,0.0003274111022862628
