,NAAF,A,C,D,E,F,G,H,I,K,L,M,N,P,Q,R,S,T,V,W,Y,c-carb,m-oxid,n-deam,q-deam,% C w/ carb.,% M w/ oxid,% N w/ deam,% Q w/ deam,NAAF check
sample total,151.3481585059567,117.42502564393273,4.197750000593689,2.4475017141000883,1.4195294765320308,2.679227724383788,5.383754850113963,4.640278660102615,0.0,2.911185396034126,181.97080032861487,5.681005783510582,17.809572470019994,154.40461194776273,0.9478877961433898,149.2276021314103,180.6938773853075,146.2959895529975,277.97516511119574,1.1104053216189218,3.18329229766453,4.197750000593689,1.8055028068667252,0.43058106518066414,0.06459268825181771,1.0,0.3178139357131605,0.02417694562323094,0.06814381250040547,0.00031947661502816844
