,A,C,D,E,F,G,H,I,K,L,M,N,P,Q,R,S,T,V,W,Y,c-carb,m-oxid,n-deam,q-deam,Total area,Total length,% C w/ carb,% M w/ oxid,% N w/ deam,% Q w/ deam,NAAF denom.
sample total,75,34,33,56,40,54,75,0,79,181,86,63,101,19,97,114,74,106,17,53,34,28,11,1,589803599.0,1245,1.0,0.32558139534883723,0.1746031746031746,0.05263157894736842,473737.83052208833
