,NAAF,A,C,D,E,F,G,H,I,K,L,M,N,P,Q,R,S,T,V,W,Y,c-carb,m-oxid,n-deam,q-deam,% C w/ carb.,% M w/ oxid,% N w/ deam,% Q w/ deam,NAAF check
sample total,342.06780652764166,256.09428257913646,2.577689833996639,4.363015502267519,3.492650180417618,5.15845674158292,8.198195576764869,10.203032759613551,0.0,11.280589211707078,404.3802415047398,9.360662889626049,30.656588809070133,340.51922022985406,2.0761253974569813,334.6386820558172,391.35154902161435,333.64349678269946,657.4282347076061,1.0865814328775425,3.5808332732289356,2.577689833996639,1.5457056721993023,1.2319813803749802,0.05202283103068373,1.0,0.16512780028776916,0.040186512206161804,0.025057653595686374,0.001155541279222345
