,A,C,D,E,F,G,H,I,K,L,M,N,P,Q,R,S,T,V,W,Y,c-carb,m-oxid,n-deam,q-deam,Total area,Total length,% C w/ carb,% M w/ oxid,% N w/ deam,% Q w/ deam,NAAF denom.
sample total,179,53,71,106,115,134,199,0,220,353,178,111,237,47,166,250,167,212,39,87,53,41,19,1,829754920.0,2803,1.0,0.2303370786516854,0.17117117117117117,0.02127659574468085,296023.874420264
