,NAAF,A,C,D,E,F,G,H,I,K,L,M,N,P,Q,R,S,T,V,W,Y,c-carb,m-oxid,n-deam,q-deam,% C w/ carb.,% M w/ oxid,% N w/ deam,% Q w/ deam,NAAF check
sample total,107.31664016885222,95.35776528587367,0.20658157336978922,0.7581004838718394,0.045119162908644386,0.1427021806651409,3.9145187704743765,0.9564435753118651,0.0,1.8733033286133782,147.46245043238213,1.9755984612574682,32.33362017558643,111.49867435900492,0.07620192365572637,106.18447904744221,171.124716015121,101.93510667834484,148.42991418804164,0.08790331133454626,0.5752260887040803,0.20658157336978922,1.0013931411628847,0.0156993142994145,0.0,1.0,0.5068809076341849,0.000485541495637049,0.0,0.0004164668381853439
