,NAAF,A,C,D,E,F,G,H,I,K,L,M,N,P,Q,R,S,T,V,W,Y,c-carb,m-oxid,n-deam,q-deam,% C w/ carb.,% M w/ oxid,% N w/ deam,% Q w/ deam,NAAF check
sample total,65.43624745403784,41.609142754279794,0.023236305812980872,0.14370591490537046,0.050761641282107375,0.18914729578528422,3.4871156160383716,0.08827807889168109,0.0,0.6038715490958831,85.60820871352512,0.4496037747804855,9.863998856754105,68.25887006798517,0.017066672087806628,65.14641394154113,84.40674447162392,61.773538675689316,121.01836532868808,0.12743391941482346,0.22017507741162612,0.023236305812980872,0.14422175536159457,0.08115436988756257,0.00475049970073537,1.0,0.3207752324410741,0.008227329612066441,0.27834950342365744,0.00019428429621728274
