GO Cellular Component,Time 0 small,T24 small,x,T0 large,Time 24 large
integral component of membrane,0.166666666666667,0.4,,0.5,0.8
cytoplasm,0,0.2,,0,0
plasma membrane,0.166666666666667,0,,0,0
nucleus,0.166666666666667,0.2,,0.5,0.2
ribosome,0.166666666666667,0,,0,0
mitochondrion,0.166666666666667,0,,0,0
chloroplast,0.166666666666667,0.2,,0,0
