GO Cellular Component,Time 0 small,T0 large,T24 small,Time 24 large
integral component of membrane,41.5204678362573,48.8372093023256,48.1203007518797,45.360824742268
cytoplasm,28.6549707602339,23.2558139534884,22.9323308270677,22.680412371134
plasma membrane,18.1286549707602,13.953488372093,18.4210526315789,19.5876288659794
nucleus,7.01754385964912,6.97674418604651,6.76691729323308,6.18556701030928
ribosome,2.33918128654971,3.48837209302326,2.25563909774436,4.12371134020619
mitochondrion,2.33918128654971,3.48837209302326,1.50375939849624,2.06185567010309
chloroplast,0,0,0,0
