GO Cellular Component,Time 0 small,T0 large,T24 small,Time 24 large
ATP binding,32.3671497584541,26.8518518518519,26.3005780346821,27.4336283185841
DNA binding,20.2898550724638,23.1481481481481,22.2543352601156,25.6637168141593
metal ion binding,19.8067632850242,15.7407407407407,21.9653179190751,21.2389380530973
oxidoreductase activity,5.79710144927536,6.48148148148148,4.04624277456647,7.9646017699115
ATPase,5.79710144927536,7.40740740740741,4.91329479768786,5.30973451327434
zinc ion binding,5.31400966183575,4.62962962962963,6.06936416184971,2.65486725663717
RNA binding,4.83091787439614,6.48148148148148,5.78034682080925,2.65486725663717
hydrolase activity,3.86473429951691,4.62962962962963,5.78034682080925,3.53982300884956
transmembrane transporter activity,1.93236714975845,4.62962962962963,2.89017341040462,3.53982300884956
