GO Cellular Component,Time 0 small,T0 large,,T24 small,Time 24 large
integral component of membrane,45.7446808510638,48.8888888888889,,43.75,49.7109826589595
cytoplasm,23.4042553191489,22.2222222222222,,24.609375,20.8092485549133
plasma membrane,18.4397163120567,17.7777777777778,,17.96875,17.3410404624277
nucleus,7.80141843971631,5.55555555555556,,9.375,8.09248554913295
ribosome,2.12765957446808,2.22222222222222,,2.734375,1.73410404624277
mitochondrion,1.06382978723404,3.33333333333333,,1.5625,2.3121387283237
chloroplast,1.41843971631206,0,,0,0
