GO Cellular Component,Time 0 small,T0 large,,T24 small,Time 24 large
integral component of membrane,44.2028985507246,44.5161290322581,,43.6482084690554,47.027027027027
cytoplasm,29.7101449275362,23.2258064516129,,24.4299674267101,21.6216216216216
plasma membrane,16.6666666666667,21.9354838709677,,18.8925081433225,18.9189189189189
nucleus,7.97101449275362,8.38709677419355,,9.44625407166124,9.72972972972973
ribosome,0.72463768115942,1.93548387096774,,2.60586319218241,1.62162162162162
mitochondrion,0.72463768115942,0,,0.977198697068404,1.08108108108108
