GO Cellular Component,Time 0 small,T24 small,x,T0 large,Time 24 large
integral component of membrane,44.2028985507246,43.6482084690554,0,44.5161290322581,47.027027027027
cytoplasm,29.7101449275362,24.4299674267101,0,23.2258064516129,21.6216216216216
plasma membrane,16.6666666666667,18.8925081433225,0,21.9354838709677,18.9189189189189
nucleus,7.97101449275362,9.44625407166124,0,8.38709677419355,9.72972972972973
ribosome,0.72463768115942,2.60586319218241,0,1.93548387096774,1.62162162162162
mitochondrion,0.72463768115942,0.977198697068404,0,0,1.08108108108108
chloroplast,0,0,0,0,0
