GO Cellular Component,Time 0 small,T0 large,T24 small,Time 24 large
integral component of membrane,45.1882845188285,46.9255663430421,45.1162790697674,43.5406698564593
cytoplasm,23.0125523012552,23.3009708737864,22.3255813953488,23.9234449760766
plasma membrane,16.7364016736402,19.0938511326861,20.4651162790698,18.1818181818182
nucleus,11.2970711297071,7.11974110032362,8.37209302325581,11.4832535885167
ribosome,2.92887029288703,1.94174757281553,3.25581395348837,2.39234449760766
mitochondrion,0.836820083682008,1.61812297734628,0.465116279069767,0.478468899521531
chloroplast,0,0,0,0
