GO Cellular Component,Time 0 small,T24 small,x,T0 large,Time 24 large
integral component of membrane,45.1882845188285,45.1162790697674,,46.9255663430421,43.5406698564593
cytoplasm,23.0125523012552,22.3255813953488,,23.3009708737864,23.9234449760766
plasma membrane,16.7364016736402,20.4651162790698,,19.0938511326861,18.1818181818182
nucleus,11.2970711297071,8.37209302325581,,7.11974110032362,11.4832535885167
ribosome,2.92887029288703,3.25581395348837,,1.94174757281553,2.39234449760766
mitochondrion,0.836820083682008,0.465116279069767,,1.61812297734628,0.478468899521531
chloroplast,0,0,,0,0
