GO Cellular Component,Time 0 small,T0 large,,T24 small,Time 24 large
ATP binding,31.5457413249211,31.4606741573034,,29.0697674418605,28.740157480315
DNA binding,21.1356466876972,19.6629213483146,,21.3178294573643,22.8346456692913
metal ion binding,16.0883280757098,20.2247191011236,,20.5426356589147,18.503937007874
oxidoreductase activity,4.10094637223975,5.89887640449438,,5.03875968992248,5.51181102362205
ATPase,8.2018927444795,4.7752808988764,,5.42635658914729,5.90551181102362
zinc ion binding,6.62460567823344,5.0561797752809,,5.03875968992248,7.8740157480315
RNA binding,3.78548895899054,6.17977528089888,,4.65116279069768,4.33070866141732
hydrolase activity,5.04731861198738,5.0561797752809,,6.2015503875969,3.1496062992126
transmembrane transporter activity,3.47003154574132,1.68539325842697,,2.71317829457364,3.1496062992126
