,A,C,D,E,F,G,H,I,K,L,M,N,P,Q,R,S,T,V,W,Y,c-carb,m-oxid,n-deam,q-deam,Total area,Total length,% C w/ carb,% M w/ oxid,% N w/ deam,% Q w/ deam,NAAF denom.
sample total,179,65,63,85,114,153,184,0,224,387,173,190,248,64,150,268,161,210,45,97,65,41,31,3,2472536866.0,2882,1.0,0.23699421965317918,0.1631578947368421,0.046875,857923.9646079112
