,NAAF,A,C,D,E,F,G,H,I,K,L,M,N,P,Q,R,S,T,V,W,Y,c-carb,m-oxid,n-deam,q-deam,% C w/ carb.,% M w/ oxid,% N w/ deam,% Q w/ deam,NAAF check
sample total,345.4106977322493,223.64661037357126,8.881325892110613,11.807749365459252,13.269397848369948,20.078874725228392,25.3191451706172,34.53882885276856,0.0,20.42266489127736,445.72973860392085,31.383833404224216,68.78783290315553,346.822534536934,10.94940479016568,332.4164892555479,401.71689014425715,321.7609170086004,620.6304447367689,3.252711490533547,16.446839323995523,8.881325892110613,12.594307332317086,5.329734877568995,0.24384445315685643,1.0,0.40129920300373223,0.07748077897834899,0.02227011036945751,0.0004026122500145724
