,NAAF,A,C,D,E,F,G,H,I,K,L,M,N,P,Q,R,S,T,V,W,Y,c-carb,m-oxid,n-deam,q-deam,% C w/ carb.,% M w/ oxid,% N w/ deam,% Q w/ deam,NAAF check
sample total,426.3925758097289,380.33193192666766,30.72415333071735,29.802332334437587,64.27357563564641,14.19337783402072,58.947742342926844,26.66451726440017,0.0,53.24458156947826,577.9615605564171,26.205176029599027,75.0080012704642,428.01305264448,37.29701979589043,394.3511450932356,402.932187601147,391.030639657779,680.5332666173404,13.986286126462264,10.7216618958548,30.72415333071735,5.51525949795827,29.858599900033163,21.811171158667577,1.0,0.21046450868060282,0.3980721975562165,0.5847966212322101,0.003943598006362454
