,A,C,D,E,F,G,H,I,K,L,M,N,P,Q,R,S,T,V,W,Y,c-carb,m-oxid,n-deam,q-deam,Total area,Total length,% C w/ carb,% M w/ oxid,% N w/ deam,% Q w/ deam,NAAF denom.
sample total,404,138,126,194,67,192,115,0,257,483,153,215,264,99,255,290,216,327,92,69,138,47,51,10,386106262.8,3571,1.0,0.30718954248366015,0.2372093023255814,0.10101010101010101,108122.72831139737
