,NAAF,A-NAAF,C-NAAF,D-NAAF,E-NAAF,F-NAAF,G-NAAF,H-NAAF,I-NAAF,K-NAAF,L-NAAF,M-NAAF,N-NAAF,P-NAAF,Q-NAAF,R-NAAF,S-NAAF,T-NAAF,V-NAAF,W-NAAF,Y-NAAF,C-carb-NAAF,M-oxid-NAAF,N-deam-NAAF,Q-deam-NAAF,AA-NAAF,AA-modifiable-NAAF,Cys. w/ carb.,Met. w/ oxid.,Asn. w/ deam.,Glu. w/ deam.,Overall modified
417,729.2713492992647,520.6129431714392,17.22000554198326,24.356419101800686,23.6030882481413,17.978778747163858,51.999834717500974,11.478566669812523,25.248182838580686,33.32943370722485,893.8933918862941,16.39919772107703,146.46234421461457,687.6605749455339,30.222618160761765,697.440218722421,860.0958263600422,703.5941640600311,1356.1680073211628,6.266708509114558,5.56526795384252,17.22000554198326,9.696427225798407,6.529224481863933,19.057002581269142,6129.595572598543,193.08416009645336,1.0,0.5912744873693484,0.04457954375150867,0.6305543245757239,0.01632434961520561
