,NAAF,A-NAAF,C-NAAF,D-NAAF,E-NAAF,F-NAAF,G-NAAF,H-NAAF,I-NAAF,K-NAAF,L-NAAF,M-NAAF,N-NAAF,P-NAAF,Q-NAAF,R-NAAF,S-NAAF,T-NAAF,V-NAAF,W-NAAF,Y-NAAF,C-carb-NAAF,M-oxid-NAAF,N-deam-NAAF,Q-deam-NAAF,AA-NAAF,AA-modifiable-NAAF,Cys. w/ carb.,Met. w/ oxid.,Asn. w/ deam.,Glu. w/ deam.,Overall modified
126,636.7225779856844,557.0256322768729,5.666585076614404,24.19440098775884,32.845163091700776,8.466211207538509,68.46779754552071,14.883077820276863,28.861268956818925,27.870880770941376,892.2777597664765,15.2665855105709,152.03672543481207,627.1186746564015,40.313797338391936,621.3272252312149,814.8884809499916,601.369578753077,983.2656434665416,4.094199606127765,11.353530579973022,5.666585076614404,1.1051446807048984,2.8868113934709445,18.84491513500481,5531.593219027622,207.6171082837749,1.0,0.07238977438273105,0.018987592538677153,0.46745571936132846,0.0040827237151028475
