,NAAF,A-NAAF,C-NAAF,D-NAAF,E-NAAF,F-NAAF,G-NAAF,H-NAAF,I-NAAF,K-NAAF,L-NAAF,M-NAAF,N-NAAF,P-NAAF,Q-NAAF,R-NAAF,S-NAAF,T-NAAF,V-NAAF,W-NAAF,Y-NAAF,C-carb-NAAF,M-oxid-NAAF,N-deam-NAAF,Q-deam-NAAF,AA-NAAF,AA-modifiable-NAAF,Cys. w/ carb.,Met. w/ oxid.,Asn. w/ deam.,Glu. w/ deam.,Overall modified
226,493.1714943469307,304.40954084065595,27.938302883658963,19.470352786937525,39.8611934607857,28.143418728515613,63.365830652091816,47.49307508102065,59.90823407397599,46.72526311287007,562.8798909912623,40.13120903181472,70.82495891003774,490.0390972955931,13.161714664907194,466.1475189960666,479.5918352078626,497.1719437190459,933.3235458694056,3.9702619455802286,16.530208282344297,27.938302883658963,14.187237926513944,7.214924102354791,1.259724875008201,4211.087396534433,124.11788260675965,1.0,0.3535213184149713,0.10186979580911905,0.09571130411807052,0.02141231145172829
