,NAAF,A-NAAF,C-NAAF,D-NAAF,E-NAAF,F-NAAF,G-NAAF,H-NAAF,I-NAAF,K-NAAF,L-NAAF,M-NAAF,N-NAAF,P-NAAF,Q-NAAF,R-NAAF,S-NAAF,T-NAAF,V-NAAF,W-NAAF,Y-NAAF,C-carb-NAAF,M-oxid-NAAF,N-deam-NAAF,Q-deam-NAAF,AA-NAAF,AA-modifiable-NAAF,Cys. w/ carb.,Met. w/ oxid.,Asn. w/ deam.,Glu. w/ deam.,Overall modified
402,415.54525139079567,300.4171822583195,13.533241780592018,11.469920277309157,7.62007285776148,12.238552174480061,30.932102361457126,32.121161796158255,19.31577561685242,15.480614653300094,491.27821262631426,23.922389977921917,73.79190779431573,422.07246011171435,6.509736940857739,408.0784255573435,474.25967235573444,448.7361203187162,728.6218266561679,2.8859306785313334,14.871977732149308,13.533241780592018,6.404374419882612,0.9994579247784823,0.3262852051145251,3538.157284525996,104.22403471309538,1.0,0.2677146566790876,0.013544275445003084,0.05012264060420435,0.007406962958497075
