,NAAF,A-NAAF,C-NAAF,D-NAAF,E-NAAF,F-NAAF,G-NAAF,H-NAAF,I-NAAF,K-NAAF,L-NAAF,M-NAAF,N-NAAF,P-NAAF,Q-NAAF,R-NAAF,S-NAAF,T-NAAF,V-NAAF,W-NAAF,Y-NAAF,C-carb-NAAF,M-oxid-NAAF,N-deam-NAAF,Q-deam-NAAF,AA-NAAF,AA-modifiable-NAAF,Cys. w/ carb.,Met. w/ oxid.,Asn. w/ deam.,Glu. w/ deam.,Overall modified
302,1047.0211877687325,700.3314138584068,55.95688483559518,13.922005554817197,44.691765130892946,80.04705335297498,115.86690168609577,151.8502484805457,33.229970092403995,76.91549026943207,1185.9137786923973,86.14220294241073,187.06322542358137,1076.1381763753166,22.292187726805086,1007.3971058919929,1125.287024561108,1062.610786662002,1986.0206090378658,29.243261146045228,90.73283073189006,55.95688483559518,11.654601427708613,15.779159331032195,0.9749267930676182,9131.652922452578,295.4976160927972,1.0,0.1352949080661444,0.08435201144052902,0.04373401144004024,0.027437060030003835
