,NAAF,A-NAAF,C-NAAF,D-NAAF,E-NAAF,F-NAAF,G-NAAF,H-NAAF,I-NAAF,K-NAAF,L-NAAF,M-NAAF,N-NAAF,P-NAAF,Q-NAAF,R-NAAF,S-NAAF,T-NAAF,V-NAAF,W-NAAF,Y-NAAF,C-carb-NAAF,M-oxid-NAAF,N-deam-NAAF,Q-deam-NAAF,AA-NAAF,AA-modifiable-NAAF,Cys. w/ carb.,Met. w/ oxid.,Asn. w/ deam.,Glu. w/ deam.,Overall modified
206,454.58070833634633,322.1558983724384,7.914108130710169,22.869548256238257,33.7106072979043,22.692232233541347,39.10916124322406,29.029864594459752,18.463569199680983,18.84087045444299,547.6978942104731,15.297070125317196,104.61461618636457,451.9612423902555,16.0048486475283,447.0158185220859,530.9547401470442,460.04616232114324,837.9107297038129,5.792739969719014,12.648008217072807,7.914108130710169,3.9546936831589337,7.204314136321072,3.374534831200521,3944.7297302234574,135.91653495921005,1.0,0.25852621781564394,0.0688652733140752,0.2108445325236903,0.011183835812867367
