,NAAF,A-NAAF,C-NAAF,D-NAAF,E-NAAF,F-NAAF,G-NAAF,H-NAAF,I-NAAF,K-NAAF,L-NAAF,M-NAAF,N-NAAF,P-NAAF,Q-NAAF,R-NAAF,S-NAAF,T-NAAF,V-NAAF,W-NAAF,Y-NAAF,C-carb-NAAF,M-oxid-NAAF,N-deam-NAAF,Q-deam-NAAF,AA-NAAF,AA-modifiable-NAAF,Cys. w/ carb.,Met. w/ oxid.,Asn. w/ deam.,Glu. w/ deam.,Overall modified
406,740.555985059409,572.3613706497148,12.371237777222177,15.061768952689977,14.104244503302489,11.772214139791828,29.864431105999312,18.597356516499307,45.6437434349516,21.25830596812723,841.2763387771304,16.98345766037308,99.5626722603787,736.1818335855279,7.7924757078061955,725.3185651897935,850.2836935001645,764.1492472093744,1366.8459765387295,4.1298637101635025,10.49039781543118,12.371237777222177,3.9839305601831434,3.3938693237354745,1.7103409673250984,6164.049195003172,124.33860562855797,1.0,0.2345771185027129,0.034087768504844324,0.21948621098834434,0.007391555394193798
