,NAAF,A-NAAF,C-NAAF,D-NAAF,E-NAAF,F-NAAF,G-NAAF,H-NAAF,I-NAAF,K-NAAF,L-NAAF,M-NAAF,N-NAAF,P-NAAF,Q-NAAF,R-NAAF,S-NAAF,T-NAAF,V-NAAF,W-NAAF,Y-NAAF,C-carb-NAAF,M-oxid-NAAF,N-deam-NAAF,Q-deam-NAAF,AA-NAAF,AA-modifiable-NAAF,Cys. w/ carb.,Met. w/ oxid.,Asn. w/ deam.,Glu. w/ deam.,Overall modified
110,1041.5998434474245,859.8789642048232,196.51916632658677,154.58451286299973,138.88587987565757,51.32059200577532,198.52414304763562,85.68924588816965,39.36407932159509,78.43219352025463,1441.3174623715518,136.0279793023799,390.9803877067016,1109.7324254643545,52.0876572445567,1000.2472936979916,1615.1754273599454,971.2001635116764,1322.3216641650902,15.022982662837784,51.766660626115325,196.51916632658677,93.39340245458348,37.13559024379218,2.9781421013068066,9909.078881166699,579.0960242536381,1.0,0.6865749453425094,0.09498069829438571,0.057175581680015575,0.13053413544150733
