,NAAF,A-NAAF,C-NAAF,D-NAAF,E-NAAF,F-NAAF,G-NAAF,H-NAAF,I-NAAF,K-NAAF,L-NAAF,M-NAAF,N-NAAF,P-NAAF,Q-NAAF,R-NAAF,S-NAAF,T-NAAF,V-NAAF,W-NAAF,Y-NAAF,C-carb-NAAF,M-oxid-NAAF,N-deam-NAAF,Q-deam-NAAF,AA-NAAF,AA-modifiable-NAAF,Cys. w/ carb.,Met. w/ oxid.,Asn. w/ deam.,Glu. w/ deam.,Overall modified
306,1043.3132287378849,796.8720107753603,32.8417205561949,17.004157234826067,29.523565054238535,34.52015356555948,72.05914018048703,48.40502515796771,20.753494366352506,58.16577456888683,1227.95317049424,31.880050128415956,177.63671182370845,1030.2838525443372,55.99856427442029,1011.9805398079635,1201.5256576668066,1052.4807570206672,1941.8798452645701,16.650714071799413,32.219416419493015,32.8417205561949,7.437962789043966,8.055624688055,27.389917120000657,8890.634320976294,265.5153262265447,1.0,0.2333108875012155,0.04534887301927556,0.48911820284849983,0.01559674505187727
