,NAAF,A-NAAF,C-NAAF,D-NAAF,E-NAAF,F-NAAF,G-NAAF,H-NAAF,I-NAAF,K-NAAF,L-NAAF,M-NAAF,N-NAAF,P-NAAF,Q-NAAF,R-NAAF,S-NAAF,T-NAAF,V-NAAF,W-NAAF,Y-NAAF,C-carb-NAAF,M-oxid-NAAF,N-deam-NAAF,Q-deam-NAAF,AA-NAAF,AA-modifiable-NAAF,Cys. w/ carb.,Met. w/ oxid.,Asn. w/ deam.,Glu. w/ deam.,Overall modified
310,876.0296202000593,633.973434576447,26.280745555157115,9.994563723340411,33.3993790510712,77.5763229001657,98.41983200503107,138.11888152424777,21.57518506066367,106.61383167508005,985.5934157738336,65.5724835639688,151.71393104052152,925.4607032058507,11.641516621349346,817.9416861539231,949.5517512395253,886.265018938109,1562.2750718525995,13.33380607132054,49.13451479028629,26.280745555157115,9.71440648925675,1.6410779931989805,0.4051929726220773,7564.436075322492,228.92793122583967,1.0,0.14814760645416036,0.010816923547783245,0.03480585784493019,0.011357254441108012
