,NAAF,A-NAAF,C-NAAF,D-NAAF,E-NAAF,F-NAAF,G-NAAF,H-NAAF,I-NAAF,K-NAAF,L-NAAF,M-NAAF,N-NAAF,P-NAAF,Q-NAAF,R-NAAF,S-NAAF,T-NAAF,V-NAAF,W-NAAF,Y-NAAF,C-carb-NAAF,M-oxid-NAAF,N-deam-NAAF,Q-deam-NAAF,AA-NAAF,AA-modifiable-NAAF,Cys. w/ carb.,Met. w/ oxid.,Asn. w/ deam.,Glu. w/ deam.,Overall modified
102,776.5490695646237,679.1291080526421,29.621302040510376,120.81387424919106,121.02527043763091,39.080522117446826,120.676863830158,73.33859068691393,151.3207253802208,54.43655681974712,933.0295894580092,51.00717019409771,196.09507785699364,721.8943424764952,70.76315120677535,752.5378821905151,911.3464374848036,726.4469332016429,1401.566228158585,27.218620521080496,34.7742521947678,29.621302040510376,10.656049889144683,26.753558292127778,1.4924987939058083,7216.122498558227,317.86539925786667,1.0,0.20891278321450082,0.13643156464966633,0.021091468772279694,0.03741430356113259
