,NAAF,A-NAAF,C-NAAF,D-NAAF,E-NAAF,F-NAAF,G-NAAF,H-NAAF,I-NAAF,K-NAAF,L-NAAF,M-NAAF,N-NAAF,P-NAAF,Q-NAAF,R-NAAF,S-NAAF,T-NAAF,V-NAAF,W-NAAF,Y-NAAF,C-carb-NAAF,M-oxid-NAAF,N-deam-NAAF,Q-deam-NAAF,AA-NAAF,AA-modifiable-NAAF,Cys. w/ carb.,Met. w/ oxid.,Asn. w/ deam.,Glu. w/ deam.,Overall modified
210,1130.8821167695514,891.3459901587898,44.79037416512547,70.79842461909877,115.24499592178674,42.21565721710472,111.06091811990191,71.09621886551261,125.74764962800771,83.90767171493538,1414.411453939381,58.03507001372399,199.31518737598697,1122.6133153876372,76.38451276050074,1080.9675097518896,1183.9774615896652,1030.1124709016262,1916.474350418387,18.736158901313733,36.33010754501504,44.79037416512547,18.14183192994716,45.93446280120425,39.88962804467615,9693.56549899539,333.7347701502117,1.0,0.3126011896885284,0.23046142848389045,0.5222214111615504,0.0641958196701523
