,NAAF,A-NAAF,C-NAAF,D-NAAF,E-NAAF,F-NAAF,G-NAAF,H-NAAF,I-NAAF,K-NAAF,L-NAAF,M-NAAF,N-NAAF,P-NAAF,Q-NAAF,R-NAAF,S-NAAF,T-NAAF,V-NAAF,W-NAAF,Y-NAAF,C-carb-NAAF,M-oxid-NAAF,N-deam-NAAF,Q-deam-NAAF,AA-NAAF,AA-modifiable-NAAF,Cys. w/ carb.,Met. w/ oxid.,Asn. w/ deam.,Glu. w/ deam.,Overall modified
410,940.2663930613057,719.0448367652349,25.895355462368784,28.780109450389048,25.12678491875485,30.970944067739797,54.0543338875096,47.43813145617567,49.19752746837433,37.74415678911709,1118.6816427732283,37.446351161195395,189.80469961140324,938.2726689454871,12.228840311259393,908.112387637779,1153.208944903671,943.9118425378038,1623.304087646975,6.9087952140043125,25.39420716527126,25.895355462368784,9.59156804475542,6.019588214629428,2.137390191347672,7975.526648173742,239.47989108385804,1.0,0.2561415931679585,0.031714642613979716,0.17478273793302576,0.015620081393690173
