,NAAF,A-NAAF,C-NAAF,D-NAAF,E-NAAF,F-NAAF,G-NAAF,H-NAAF,I-NAAF,K-NAAF,L-NAAF,M-NAAF,N-NAAF,P-NAAF,Q-NAAF,R-NAAF,S-NAAF,T-NAAF,V-NAAF,W-NAAF,Y-NAAF,C-carb-NAAF,M-oxid-NAAF,N-deam-NAAF,Q-deam-NAAF,AA-NAAF,AA-modifiable-NAAF,Cys. w/ carb.,Met. w/ oxid.,Asn. w/ deam.,Glu. w/ deam.,Overall modified
106,1242.4840632709765,919.8349997182559,140.72681290100275,62.35620742099311,86.2090397767646,76.41078375386215,146.99029823568543,139.29268939175398,30.748749043057195,160.0964889535689,1495.5429104254854,136.60295836513086,234.14502475261025,1230.9459076701905,51.67960992676549,1191.6458528826847,1456.434309718782,1208.7112523134997,2083.009779499061,41.23305167139573,39.91899453073272,140.72681290100275,48.71591043628881,36.152428909350355,11.474669560408474,10932.535720951284,422.4275930445066,1.0,0.3566241245381695,0.15440186673856424,0.22203475561578503,0.08489550298208087
