,NAAF,A-NAAF,C-NAAF,D-NAAF,E-NAAF,F-NAAF,G-NAAF,H-NAAF,I-NAAF,K-NAAF,L-NAAF,M-NAAF,N-NAAF,P-NAAF,Q-NAAF,R-NAAF,S-NAAF,T-NAAF,V-NAAF,W-NAAF,Y-NAAF,C-carb-NAAF,M-oxid-NAAF,N-deam-NAAF,Q-deam-NAAF,AA-NAAF,AA-modifiable-NAAF,Cys. w/ carb.,Met. w/ oxid.,Asn. w/ deam.,Glu. w/ deam.,Overall modified
318,1061.5980867561711,901.9206535396862,236.86846828562042,42.71574160450429,103.03327264826959,101.9040304363478,335.8072872623588,135.95565863341756,101.49832005703043,216.6539860877176,1246.5591933331766,129.29540868717353,253.0149532452004,1020.0374836731552,102.15847160821492,917.87593950122,1218.427374431671,1108.695222226487,1756.312256102046,108.86592261109696,108.42936772621565,236.86846828562042,50.12458891410496,32.27324132939929,4.366062801850441,10146.029011700612,484.46883354058883,1.0,0.38767493310903206,0.12755467973516504,0.042738137455644455,0.08240684230475478
