,NAAF,A-NAAF,C-NAAF,D-NAAF,E-NAAF,F-NAAF,G-NAAF,H-NAAF,I-NAAF,K-NAAF,L-NAAF,M-NAAF,N-NAAF,P-NAAF,Q-NAAF,R-NAAF,S-NAAF,T-NAAF,V-NAAF,W-NAAF,Y-NAAF,C-carb-NAAF,M-oxid-NAAF,N-deam-NAAF,Q-deam-NAAF,AA-NAAF,AA-modifiable-NAAF,Cys. w/ carb.,Met. w/ oxid.,Asn. w/ deam.,Glu. w/ deam.,Overall modified
202,452.32094083214656,332.50292685615625,5.142523655744719,6.393829083257867,11.586164665636323,10.819902422428322,18.385601546671392,16.750412578324557,8.166758124815352,10.170906957309292,597.9167389774011,9.557560866803687,138.89186225840234,452.74969236563004,10.473799478927962,451.72768884032433,657.6556903104952,464.0867202744522,731.5706131672206,4.580607240880891,9.843303848494264,5.142523655744719,1.2103990092729695,2.086354316259391,0.046621391893566476,3948.9733035193763,158.923222604134,1.0,0.1266430866767538,0.015021429494391966,0.00445123968502196,0.0032970466834893017
