,NAAF,A,C,D,E,F,G,H,I,K,L,M,N,P,Q,R,S,T,V,W,Y,c-carb,m-oxid,n-deam,q-deam,% C w/ carb.,% M w/ oxid,% N w/ deam,% Q w/ deam,NAAF check
sample total,140.28324204179432,111.87765342411204,9.569020462864986,4.860214903604997,1.340272026708463,2.700839371247098,8.468188842789843,6.220307373644229,0.0,3.590782157869429,174.3476774123884,9.843733791264698,21.682032040029515,146.05239149530777,1.0123848111535652,138.64373266182386,181.46391269901707,135.36872623826096,237.94019033234244,1.7199181798049519,3.064258423544175,9.569020462864986,5.058829953471203,0.020933202448186975,0.014487948848417354,1.0,0.5139137303733664,0.0009654631267742781,0.014310713365907786,0.0003605173277147081
