,NAAF,A,C,D,E,F,G,H,I,K,L,M,N,P,Q,R,S,T,V,W,Y,c-carb,m-oxid,n-deam,q-deam,% C w/ carb.,% M w/ oxid,% N w/ deam,% Q w/ deam,NAAF check
sample total,130.9776319703054,88.18650407120009,1.8704852841465014,1.9004743732988316,1.1048776775399327,7.978224098004204,3.7844253375901555,17.38316597147024,0.0,7.191826567891133,171.70664536470156,12.38455599463783,15.90434235094398,135.48310111533485,1.1992638832982965,127.33507390587191,139.47925050439156,130.09302840783863,224.50437334462677,0.37847743488593577,9.111741455165214,1.8704852841465014,1.2562833941785037,0.12394718161139888,0.17392268523711488,1.0,0.10143951827763865,0.007793291849256639,0.1450245335153269,0.0008658297779655683
