,NAAF,A-NAAF,C-NAAF,D-NAAF,E-NAAF,F-NAAF,G-NAAF,H-NAAF,I-NAAF,K-NAAF,L-NAAF,M-NAAF,N-NAAF,P-NAAF,Q-NAAF,R-NAAF,S-NAAF,T-NAAF,V-NAAF,W-NAAF,Y-NAAF,C-carb-NAAF,M-oxid-NAAF,N-deam-NAAF,Q-deam-NAAF,AA-NAAF,AA-modifiable-NAAF,Cys. w/ carb.,Met. w/ oxid.,Asn. w/ deam.,Glu. w/ deam.,Overall modified
675,266.91018961901705,158.3524997551181,0.17265374023458885,1.2059200689028082,1.509803612449458,1.416510149046255,14.958520005093513,10.886413070871802,38.06802715815458,11.346826658360234,322.4364858434353,10.011705869763242,48.191538056451044,282.3162394706981,1.8938897636441465,271.32877111377843,352.39523239234586,238.50378408453872,466.3196924677156,0.6138040629977927,7.640367637726341,0.17265374023458885,0.06959503286370584,0.35059349236106796,0.11904375476438092,2239.5686849813255,60.09713368985843,1.0,0.006951366107737206,0.007275001099786161,0.06285674966388842,0.00042216938100699344
