,NAAF,A-NAAF,C-NAAF,D-NAAF,E-NAAF,F-NAAF,G-NAAF,H-NAAF,I-NAAF,K-NAAF,L-NAAF,M-NAAF,N-NAAF,P-NAAF,Q-NAAF,R-NAAF,S-NAAF,T-NAAF,V-NAAF,W-NAAF,Y-NAAF,C-carb-NAAF,M-oxid-NAAF,N-deam-NAAF,Q-deam-NAAF,AA-NAAF,AA-modifiable-NAAF,Cys. w/ carb.,Met. w/ oxid.,Asn. w/ deam.,Glu. w/ deam.,Overall modified
676,213.39467167654948,154.97724010947587,1.0206728632222648,1.8369810972964355,2.7585120785101074,1.1029609559943225,9.200437990440856,2.0761137500870834,34.6578235413165,3.469711551374063,259.11907108584194,2.3270915826403886,40.199413514597026,221.21687808788496,0.4204066108077231,216.03748666261603,285.8904081051839,198.94361731171313,347.5318666012,0.2832096339386734,1.4899696138671017,1.0206728632222648,0.4327557033727824,0.5900573071056142,0.09091789153854733,1784.5598727480083,42.94691170804514,1.0,0.1859641909244348,0.014678256609175537,0.21626180274346227,0.0010249299937007668
