,NAAF,A,C,D,E,F,G,H,I,K,L,M,N,P,Q,R,S,T,V,W,Y,c-carb,m-oxid,n-deam,q-deam,% C w/ carb.,% M w/ oxid,% N w/ deam,% Q w/ deam,NAAF check
sample total,248.8264754479431,188.72059153407045,11.073629584912203,5.866465145746301,6.878318696142039,10.099839798392168,13.795583783900407,13.385082064066221,0.0,9.277899293308487,292.46180598661147,10.43863465822222,24.724506690261137,252.0006307519142,2.3076763632922983,245.2813650800685,283.08755770529115,239.40108333483693,471.4432069781065,5.8821531491881345,7.158995980848863,11.073629584912203,2.462870206031862,0.529471977565875,0.18892908247610105,1.0,0.23593796379222143,0.021414865186144705,0.08186983473131437,0.00031761505841849545
