,A,C,D,E,F,G,H,I,K,L,M,N,P,Q,R,S,T,V,W,Y,c-carb,m-oxid,n-deam,q-deam,Total area,Total length,% C w/ carb,% M w/ oxid,% N w/ deam,% Q w/ deam,NAAF denom.
sample total,154,68,81,150,61,144,69,0,149,258,89,103,136,52,126,227,122,145,43,73,68,36,22,5,1611498090.0,2057,1.0,0.4044943820224719,0.21359223300970873,0.09615384615384616,783421.5313563442
