,A,C,D,E,F,G,H,I,K,L,M,N,P,Q,R,S,T,V,W,Y,c-carb,m-oxid,n-deam,q-deam,Total area,Total length,% C w/ carb,% M w/ oxid,% N w/ deam,% Q w/ deam,NAAF denom.
sample total,75,20,24,68,69,63,209,0,94,265,162,63,209,17,130,102,59,157,20,120,20,15,10,1,378883218.0,1894,1.0,0.09259259259259259,0.15873015873015872,0.058823529411764705,200043.93769799368
