,NAAF,A,C,D,E,F,G,H,I,K,L,M,N,P,Q,R,S,T,V,W,Y,c-carb,m-oxid,n-deam,q-deam,% C w/ carb.,% M w/ oxid,% N w/ deam,% Q w/ deam,NAAF check
sample total,222.82145190925965,173.59561190838104,2.8294468396596963,1.3386526056271273,3.7047139904929205,12.986645286739504,11.861318992322868,19.674141885423907,0.0,25.96850174821249,272.5446387610297,9.79886062902387,43.359581118631574,235.50304734449415,9.227930926004591,208.44852603816767,277.5338086741478,208.14019720449107,371.67026798496124,4.354127956636684,10.32904779062094,2.8294468396596963,1.4343108872384223,0.2914604505682011,0.01810713318236405,1.0,0.14637527173210785,0.006721938797581252,0.0019622094408333285,0.0011138625567631353
