,NAAF,A,C,D,E,F,G,H,I,K,L,M,N,P,Q,R,S,T,V,W,Y,c-carb,m-oxid,n-deam,q-deam,% C w/ carb.,% M w/ oxid,% N w/ deam,% Q w/ deam,NAAF check
sample total,202.863142471908,132.13536433629886,6.820140138463368,2.18425278461282,2.8465377595375454,3.5189063825018376,8.63975888592511,7.462161278230308,0.0,7.828093005092123,254.95092252929993,6.491049496516281,30.70950503483582,204.76583211893808,0.6642032503447028,198.4018073319024,252.8222296952496,199.39359317984088,383.5479495532664,2.3626708507873517,2.6052373727946443,6.820140138463368,2.6193121867325835,2.0627541814794674,0.0,1.0,0.4035267622190152,0.06716989346261196,0.0,0.00029658030570855717
