,NAAF,A,C,D,E,F,G,H,I,K,L,M,N,P,Q,R,S,T,V,W,Y,c-carb,m-oxid,n-deam,q-deam,% C w/ carb.,% M w/ oxid,% N w/ deam,% Q w/ deam,NAAF check
sample total,176.62603843521254,136.82682113185152,20.580795882060677,8.87891109224209,3.243293367521516,1.7556240243427166,16.217671280680356,3.4823434228362977,0.0,8.299186752013634,209.70487483478,11.56506637820901,18.58304534611131,181.62107608737134,1.1596380598489746,172.50631775397792,211.55919532025965,174.9879425567171,327.0491943070221,3.4348128035946317,2.1462059118857657,20.580795882060677,7.656233961269553,0.07926872957851075,0.05320374421349903,1.0,0.6620138364009297,0.004265647965773195,0.045879611971711254,0.00010487909118694972
