,A,C,D,E,F,G,H,I,K,L,M,N,P,Q,R,S,T,V,W,Y,c-carb,m-oxid,n-deam,q-deam,Total area,Total length,% C w/ carb,% M w/ oxid,% N w/ deam,% Q w/ deam,NAAF denom.
sample total,130,85,47,57,22,124,46,0,107,199,65,83,90,31,88,185,110,109,38,46,85,21,8,2,2389726204.0,1419,1.0,0.3230769230769231,0.0963855421686747,0.06451612903225806,1684091.7575757576
