,NAAF,A,C,D,E,F,G,H,I,K,L,M,N,P,Q,R,S,T,V,W,Y,c-carb,m-oxid,n-deam,q-deam,% C w/ carb.,% M w/ oxid,% N w/ deam,% Q w/ deam,NAAF check
sample total,208.62923286126377,233.12219185668903,141.99466520452575,15.55039704137785,57.09338823879366,79.37928780171605,144.96917389415745,115.29944904217668,0.0,120.3300683901225,323.8988288281333,103.0380922310451,66.0990308603985,191.08836457030642,68.26489352230683,136.18360422407633,262.9335762419956,172.84315595666445,154.29039187725888,74.64275625582125,63.15920620093797,141.99466520452575,38.412272807655214,2.1658037957147767,0.0,1.0,0.37279681694341094,0.03276604463821815,0.0,0.001719588906859912
