,A,C,D,E,F,G,H,I,K,L,M,N,P,Q,R,S,T,V,W,Y,c-carb,m-oxid,n-deam,q-deam,Total area,Total length,% C w/ carb,% M w/ oxid,% N w/ deam,% Q w/ deam,NAAF denom.
sample total,138,75,35,53,72,129,107,0,160,277,112,73,173,39,147,203,150,159,51,61,75,26,10,0,247260478.87,2038,1.0,0.23214285714285715,0.136986301369863,0.0,121325.06323356232
