,NAAF,A,C,D,E,F,G,H,I,K,L,M,N,P,Q,R,S,T,V,W,Y,c-carb,m-oxid,n-deam,q-deam,% C w/ carb.,% M w/ oxid,% N w/ deam,% Q w/ deam,NAAF check
sample total,248.1542886823826,172.25637916570585,8.623463722761473,5.179817248374254,4.32792976331494,2.8426029922542617,12.624212363396552,6.055314147140112,0.0,10.815999360531833,295.8960157766489,5.493529882719342,25.915845830712087,249.44580435335314,1.5012516072408255,242.38942535574148,282.88177855727827,243.86837802188936,489.763601679691,3.3178650133117262,1.9511157770942118,8.623463722761473,2.5745213244891705,2.26630993263636,0.08040959424392001,1.0,0.4686460944879327,0.08744881210670825,0.05356170401822656,0.0003452246654470411
