,A,C,D,E,F,G,H,I,K,L,M,N,P,Q,R,S,T,V,W,Y,c-carb,m-oxid,n-deam,q-deam,Total area,Total length,% C w/ carb,% M w/ oxid,% N w/ deam,% Q w/ deam,NAAF denom.
sample total,149,63,55,72,63,165,108,0,193,254,101,99,136,31,105,219,120,136,49,58,63,28,13,1,1460641620.0,2032,1.0,0.27722772277227725,0.13131313131313133,0.03225806451612903,718819.6948818897
