,NAAF,A,C,D,E,F,G,H,I,K,L,M,N,P,Q,R,S,T,V,W,Y,c-carb,m-oxid,n-deam,q-deam,% C w/ carb.,% M w/ oxid,% N w/ deam,% Q w/ deam,NAAF check
sample total,84.20125027090762,57.40733877438462,0.21207503108328069,0.6596655850946198,1.1882926797859148,0.1293425233852604,5.356484132574188,1.1369204092252425,0.0,1.6033942200923754,109.32231308244933,1.8085637205349083,16.180338132988012,87.83548382041174,0.04897960762330645,83.74752733881144,114.16595256638966,78.57355035513504,146.9311039105425,0.17949646423316057,0.8660953640077003,0.21207503108328069,0.22050634925406454,0.14775792498375884,0.0,1.0,0.12192346155702309,0.009131942964931876,0.0,0.0003303115664366649
