,NAAF,A,C,D,E,F,G,H,I,K,L,M,N,P,Q,R,S,T,V,W,Y,c-carb,m-oxid,n-deam,q-deam,% C w/ carb.,% M w/ oxid,% N w/ deam,% Q w/ deam,NAAF check
sample total,28.94594924679609,21.40313122806063,0.06516745583450499,0.1852457289407895,0.049289717587152664,0.01229615556012124,1.3608569567506457,0.05379180205678436,0.0,0.3800925433672133,37.46752281472704,0.35133607936227895,5.391957380972075,29.90226873277163,0.034212914313115114,28.773678747832008,39.094817077304626,27.4050989929859,50.05162969904616,0.014117808235694758,0.2424824897341369,0.06516745583450499,0.1953722494552597,0.07758722354046871,0.02009510607742036,1.0,0.5560836501901141,0.0143894356090925,0.5873544093178037,0.00013182366473110332
