,A,C,D,E,F,G,H,I,K,L,M,N,P,Q,R,S,T,V,W,Y,c-carb,m-oxid,n-deam,q-deam,Total area,Total length,% C w/ carb,% M w/ oxid,% N w/ deam,% Q w/ deam,NAAF denom.
sample total,100,23,55,86,36,206,9,82,72,124,12,88,35,66,55,187,65,71,8,29,23,8,32,35,441825590.0,1271,1.0,0.6666666666666666,0.36363636363636365,0.5303030303030303,347620.448465775
