,NAAF,A,C,D,E,F,G,H,I,K,L,M,N,P,Q,R,S,T,V,W,Y,c-carb,m-oxid,n-deam,q-deam,% C w/ carb.,% M w/ oxid,% N w/ deam,% Q w/ deam,NAAF check
sample total,147.73163671921137,145.01693313926788,5.540574182290261,3.23091532097364,10.102001504554282,3.987033164050207,15.170227533476007,1.7411625240975752,11.119089469697588,7.4832003095888835,178.3672541921843,0.6052132460227732,35.25151886814327,120.63016230299495,35.71577391180318,143.34445995254868,145.03403344880442,142.3559675584608,272.25253774336335,1.842015304257381,6.605954029216089,5.540574182290261,0.5920729565102013,2.9800939205635033,26.32189050250111,1.0,0.9782881660325105,0.08453802889204325,0.7369822243667629,0.0004249797081015523
