,NAAF,A,C,D,E,F,G,H,I,K,L,M,N,P,Q,R,S,T,V,W,Y,c-carb,m-oxid,n-deam,q-deam,% C w/ carb.,% M w/ oxid,% N w/ deam,% Q w/ deam,NAAF check
sample total,71.93005928779635,55.064378910752716,3.479983619874949,1.5190001817856045,2.6629232486217136,0.5408285138114514,9.72785662008185,1.1409505180242325,4.518182173185442,1.9822918772555997,89.5851632645722,1.8353761195915745,15.744217718656923,69.83915928144444,3.039446123163817,68.19507581926716,96.12883704632489,71.00827706382272,129.21861923540243,0.7790634745415251,4.086994306322484,3.479983619874949,0.3244313979081805,0.2728027829679131,0.5915017335534407,1.0,0.1767656201064532,0.017327172924231183,0.194608395603912,0.0004404958649682993
