,A,C,D,E,F,G,H,I,K,L,M,N,P,Q,R,S,T,V,W,Y,c-carb,m-oxid,n-deam,q-deam,Total area,Total length,% C w/ carb,% M w/ oxid,% N w/ deam,% Q w/ deam,NAAF denom.
sample total,47,16,20,41,11,96,5,36,25,69,7,42,27,26,30,78,32,42,5,21,16,4,9,14,101895070.0,624,1.0,0.5714285714285714,0.21428571428571427,0.5384615384615384,163293.3814102564
