,NAAF,A,C,D,E,F,G,H,I,K,L,M,N,P,Q,R,S,T,V,W,Y,c-carb,m-oxid,n-deam,q-deam,% C w/ carb.,% M w/ oxid,% N w/ deam,% Q w/ deam,NAAF check
sample total,149.14046290176634,102.33913094658944,3.097946190994419,2.8648711960805753,3.329069854890032,3.3869004200643182,12.86439436478079,5.001526888125462,5.116222723469479,5.625788335429259,140.04338576054232,2.7109159790392305,27.847382393179718,147.54502074455146,5.0435336998117055,148.309305586009,146.91919109698864,192.1816386792148,313.74726376947024,1.4306833363883358,1.4331869396899948,3.097946190994419,0.004965154622715885,1.9190413749100386,0.2694886682876411,1.0,0.0018315413170700975,0.06891281010957939,0.05343251068148948,0.000596700611451001
