,NAAF,A,C,D,E,F,G,H,I,K,L,M,N,P,Q,R,S,T,V,W,Y,c-carb,m-oxid,n-deam,q-deam,% C w/ carb.,% M w/ oxid,% N w/ deam,% Q w/ deam,NAAF check
sample total,85.01713550354634,40.057236887923175,1.5972681472770198,1.6402357748354577,4.520450038287891,1.008760528202792,5.814485466724434,1.557558373743482,3.7580596869393936,1.6092636674973657,55.999165075801606,0.46993097229360314,14.410290808175436,84.01421163274075,1.7172257653639211,83.99332589824152,58.25953530965384,127.80737175330408,232.57857039293447,0.4824718117172453,1.1631860289178109,1.5972681472770198,0.10463279997615446,0.48808941445492093,0.0018739670225431347,1.0,0.22265567954687196,0.03387089274964608,0.0010912758592030538,9.804265125213967e-05
