,NAAF,A,C,D,E,F,G,H,I,K,L,M,N,P,Q,R,S,T,V,W,Y,c-carb,m-oxid,n-deam,q-deam,% C w/ carb.,% M w/ oxid,% N w/ deam,% Q w/ deam,NAAF check
sample total,111.06720973358443,60.890779282641155,2.281947577853155,1.9994033631771393,7.707269842932764,1.2487008684997338,7.133570931012866,4.539807633001197,7.9772566297443195,8.516074678052714,129.14733400410393,0.4841339085551347,16.763747316118017,108.71938858908663,1.678469870720822,108.16654677587177,131.61959981609738,102.40598586616794,227.72343059297611,0.7167138055534136,1.5702260528958454,2.281947577853155,0.006894732656029491,0.6333856740072913,0.12419959850407561,1.0,0.014241375235637512,0.03778306019909423,0.07399572710276762,0.0001551729924952829
