,NAAF,A,C,D,E,F,G,H,I,K,L,M,N,P,Q,R,S,T,V,W,Y,c-carb,m-oxid,n-deam,q-deam,% C w/ carb.,% M w/ oxid,% N w/ deam,% Q w/ deam,NAAF check
sample total,165.6103996506755,144.9978611704929,3.015568113769879,12.536400636231424,23.63449538112028,4.919873774156997,25.452549341551034,0.850988499586681,19.013432726373484,11.505479655024338,190.37986531667084,0.37328709293424955,22.127751806158226,146.66305875067843,6.938320481396085,162.47545073644244,169.95460164806514,181.3833952545419,282.1927192338402,4.402452938342394,3.5833183086443787,3.015568113769879,0.16525916560264328,2.3772805171659037,0.13913271589552972,1.0,0.44271331297209326,0.10743434479883757,0.02005279465954192,0.0018306780241733056
