,NAAF,A,C,D,E,F,G,H,I,K,L,M,N,P,Q,R,S,T,V,W,Y,c-carb,m-oxid,n-deam,q-deam,% C w/ carb.,% M w/ oxid,% N w/ deam,% Q w/ deam,NAAF check
sample total,48.94819117332827,30.892142508793825,0.29030940184575443,0.7091932976435849,0.9236930496946993,0.07730575538235421,1.0324736998592154,0.7391998857977373,17.257669579258028,0.19182761466214024,51.896355857939014,0.022564182476668866,10.7261671083022,48.1409687604436,0.042841913521019216,48.24080151323389,68.2759607573403,48.13281700986035,84.32882574799198,0.011914873392635365,0.047577746944349644,0.29030940184575443,0.0033364425868201374,0.14231417116085573,0.0,1.0,0.1478645455145554,0.013267942753819548,0.0,0.00037911906866438887
