,NAAF,A,C,D,E,F,G,H,I,K,L,M,N,P,Q,R,S,T,V,W,Y,c-carb,m-oxid,n-deam,q-deam,% C w/ carb.,% M w/ oxid,% N w/ deam,% Q w/ deam,NAAF check
sample total,68.82887365247481,43.79660927933702,0.4790295095562567,0.6229294394319999,0.9584843656980183,0.6029160428947395,1.8271545485455154,2.1501363306173573,24.394970245634365,3.691541434180714,71.0264705136374,0.1599573140063903,9.69570301750959,65.87210535592789,0.766515033612152,68.24327946814154,83.67942826653147,68.21917596958293,122.99040044683923,0.1256034290686136,0.3741932713469474,0.4790295095562567,0.04604258749700948,0.09713758354301855,0.0,1.0,0.28784296474977117,0.010018621998590157,0.0,0.0006098223475164224
