,NAAF,A,C,D,E,F,G,H,I,K,L,M,N,P,Q,R,S,T,V,W,Y,c-carb,m-oxid,n-deam,q-deam,% C w/ carb.,% M w/ oxid,% N w/ deam,% Q w/ deam,NAAF check
sample total,70.51186979723222,56.702174101335736,1.5319695790602252,1.206570760225175,2.832896745109758,0.6326492824184964,4.988307897081296,0.9951694343984541,3.780190297643035,1.3605026154704036,79.1132220777121,0.33751394501056864,18.85108131949444,70.25475480100438,1.4027742911121148,69.3374696652144,87.52720597494412,82.39510047034622,126.84422803332434,0.6766264029246958,1.3731466438929352,1.5319695790602252,0.053540865339260515,0.36001756942620994,0.0347976152927683,1.0,0.15863304651777863,0.019097979756413523,0.024806282459868056,0.00039267259553390143
