,NAAF,A,C,D,E,F,G,H,I,K,L,M,N,P,Q,R,S,T,V,W,Y,c-carb,m-oxid,n-deam,q-deam,% C w/ carb.,% M w/ oxid,% N w/ deam,% Q w/ deam,NAAF check
sample total,73.77250758146369,43.650850661671576,0.561766454520304,3.502660240180153,2.342026408403327,0.9268394228102625,13.69118028399583,7.522519016645334,15.535585319209385,3.3375033120691273,66.11066777151225,1.356586247008824,17.354452083847804,70.28221270006739,2.895313955293762,72.76214932443335,65.78930317738165,100.87926520227033,139.33303494587426,0.11090866091574988,1.3228312095469845,0.561766454520304,0.03572020689364474,0.4945599712926865,0.10307695573622458,1.0,0.026330951660762634,0.02849758487927055,0.03560130518756342,0.0006352626771517506
