,A,C,D,E,F,G,H,I,K,L,M,N,P,Q,R,S,T,V,W,Y,c-carb,m-oxid,n-deam,q-deam,Total area,Total length,% C w/ carb,% M w/ oxid,% N w/ deam,% Q w/ deam,NAAF denom.
sample total,68,9,28,35,20,49,18,37,33,56,12,41,37,19,52,39,52,51,5,10,9,4,4,4,72812970.0,627,1.0,0.3333333333333333,0.0975609756097561,0.21052631578947367,116129.13875598086
