,NAAF,A,C,D,E,F,G,H,I,K,L,M,N,P,Q,R,S,T,V,W,Y,c-carb,m-oxid,n-deam,q-deam,% C w/ carb.,% M w/ oxid,% N w/ deam,% Q w/ deam,NAAF check
sample total,326.86061691799506,228.3031069498639,5.095881154647294,11.165424700729814,9.512788539358773,14.324180484366305,16.053987481112188,22.582917869422054,0.0,11.695918703343207,422.4121799416007,14.084863029657631,60.7281732215075,332.2954993269998,3.9323425489281387,324.3865260788459,406.592404679075,308.2293984454467,581.2279304955872,5.048104734252209,10.40180608798498,5.095881154647294,2.7872970412533897,3.232940557129224,0.44414999453575926,1.0,0.19789308816027174,0.053236255688722825,0.11294794108331782,0.0005091482623968286
