,A,C,D,E,F,G,H,I,K,L,M,N,P,Q,R,S,T,V,W,Y,c-carb,m-oxid,n-deam,q-deam,Total area,Total length,% C w/ carb,% M w/ oxid,% N w/ deam,% Q w/ deam,NAAF denom.
sample total,157,54,71,75,100,113,218,0,141,372,185,144,276,39,206,241,125,242,46,117,54,40,26,3,1777629651.5,2769,1.0,0.21621621621621623,0.18055555555555555,0.07692307692307693,641975.3165402672
