,NAAF,A,C,D,E,F,G,H,I,K,L,M,N,P,Q,R,S,T,V,W,Y,c-carb,m-oxid,n-deam,q-deam,% C w/ carb.,% M w/ oxid,% N w/ deam,% Q w/ deam,NAAF check
sample total,66.69838710744249,32.561091158607915,0.0,0.15977734849827532,0.23566372395737786,0.23138419778209843,0.8065911490836272,0.10965097096584563,27.744277710003686,0.5777736357779798,57.21205588486676,0.035630978627862415,4.802854874880111,68.40336483374199,0.2536066487736504,69.13074662797452,75.67123661731557,63.72868567676465,140.02705589923667,0.014281170854675482,0.30904157541712507,0.0,0.015231751933576839,0.0022724127209011935,0.004446024888719726,,0.42748620779295804,0.00047313791070106344,0.01753118425805903,0.0004942378151952537
