,NAAF,A,C,D,E,F,G,H,I,K,L,M,N,P,Q,R,S,T,V,W,Y,c-carb,m-oxid,n-deam,q-deam,% C w/ carb.,% M w/ oxid,% N w/ deam,% Q w/ deam,NAAF check
sample total,44.087341398544964,30.30341138663971,0.11475314505125472,0.6765485631080724,0.7923672435082041,0.32570622780046476,2.612745493887344,0.775407792874352,10.323749448150888,1.8242005461158564,53.10816100088681,0.0,8.689392128336944,47.34170091738088,0.7913129445526272,47.27948168111378,59.24547310757338,39.37003019541687,65.5532758968878,0.0,1.388671436519167,0.11475314505125472,0.0,0.08094195052722432,0.007975177992108305,1.0,,0.009315030249729992,0.01007841214655867,0.0009034216218627532
