,A,C,D,E,F,G,H,I,K,L,M,N,P,Q,R,S,T,V,W,Y,c-carb,m-oxid,n-deam,q-deam,Total area,Total length,% C w/ carb,% M w/ oxid,% N w/ deam,% Q w/ deam,NAAF denom.
sample total,69,18,32,49,30,75,20,65,34,88,7,87,32,30,27,72,49,48,6,17,18,2,10,7,313792620.0,819,1.0,0.2857142857142857,0.11494252873563218,0.23333333333333334,383141.17216117214
