,NAAF,A,C,D,E,F,G,H,I,K,L,M,N,P,Q,R,S,T,V,W,Y,c-carb,m-oxid,n-deam,q-deam,% C w/ carb.,% M w/ oxid,% N w/ deam,% Q w/ deam,NAAF check
sample total,97.5595021758323,95.09111413951948,2.7848495463498733,5.271247065978617,6.004401370969525,3.1644091051729717,9.608353873683981,3.3717657482903634,14.507354661936947,3.2039890600083605,116.41045921874382,0.3987247779355963,23.37301193975477,75.57400913673413,19.442446486713006,91.9734487462228,81.73274556228968,93.33634634820712,178.71481826053758,0.9621289459497434,0.730628330844496,2.7848495463498733,0.02390763683353474,0.2526570892586181,17.65942205716148,1.0,0.05996024866404566,0.010809778812840025,0.9082921775934911,0.0002546306929781923
