,NAAF,A,C,D,E,F,G,H,I,K,L,M,N,P,Q,R,S,T,V,W,Y,c-carb,m-oxid,n-deam,q-deam,% C w/ carb.,% M w/ oxid,% N w/ deam,% Q w/ deam,NAAF check
sample total,149.65926333727631,87.49234320669343,4.165133005326014,8.360299730740222,7.690806459935324,5.136685210257772,11.889387365476356,4.947075739978598,10.740828176643737,5.419201993374742,180.1059493036672,0.4820221519856036,35.44100576292911,142.4156674459317,2.812522400174498,140.47201444770292,182.56984320560207,143.35407824355156,284.9689766333579,1.4081490308414106,1.2953902368481987,4.165133005326014,0.34698975235296214,0.592228336279375,0.22294636090670727,1.0,0.7198626679782252,0.01671025761065842,0.07926918587132852,0.00029237024200315923
