,NAAF,A,C,D,E,F,G,H,I,K,L,M,N,P,Q,R,S,T,V,W,Y,c-carb,m-oxid,n-deam,q-deam,% C w/ carb.,% M w/ oxid,% N w/ deam,% Q w/ deam,NAAF check
sample total,109.7683334448863,79.68357161535263,2.744639728511766,3.357644652873051,7.178114759457428,2.0255888687308783,10.419050610736893,2.750348845595259,7.753238498904711,3.3743114492892357,116.49162829201364,0.7185760878449233,31.39158269861099,108.25935782482598,3.3089199817448063,106.57715879589766,122.35498617689622,134.7289945693871,215.80321307344033,0.31266704383560223,3.36879041382476,2.744639728511766,0.22888712462527788,0.40495661371313085,0.035264359357915206,1.0,0.3185287243717387,0.012900165550781526,0.010657362387868978,0.00025379053728104463
