,NAAF,A,C,D,E,F,G,H,I,K,L,M,N,P,Q,R,S,T,V,W,Y,c-carb,m-oxid,n-deam,q-deam,% C w/ carb.,% M w/ oxid,% N w/ deam,% Q w/ deam,NAAF check
sample total,34.57905708642447,34.511642544399585,0.016912439257965546,1.4778260174198952,0.2190556827300537,0.06576111097049588,0.4543278801037108,0.05381218353321745,0.4135196259106411,0.2639212623302581,67.33897856820361,0.008212290216608268,33.34994160052551,34.31896716925607,1.8695401232016389,35.68617399555831,100.07877223937002,33.681148583486674,2.1868967457317354,0.0,0.004589938442846899,0.016912439257965546,0.0,0.8226072228407428,0.009923331312104784,1.0,0.0,0.024665926936069376,0.0053078996213843255,0.0001968131450963047
