,NAAF,A,C,D,E,F,G,H,I,K,L,M,N,P,Q,R,S,T,V,W,Y,c-carb,m-oxid,n-deam,q-deam,% C w/ carb.,% M w/ oxid,% N w/ deam,% Q w/ deam,NAAF check
sample total,89.88005637571611,66.88281219802941,0.36297768330871083,0.9451280026904154,0.4356319717627353,8.170337982191398,6.971646975317054,10.471961051791583,0.0,7.42368538206922,112.55929902045541,3.2958347311920257,16.943591371750113,90.18026702230748,0.25288165160351017,88.54184537624903,114.45062043988666,75.23843986634323,146.26513032549144,0.32364550961326416,2.637451192498353,0.36297768330871083,0.20943488412069233,0.32870521323906754,0.0,1.0,0.06354532347711035,0.019399972888104147,0.0,0.0007267204950441768
