,NAAF,A,C,D,E,F,G,H,I,K,L,M,N,P,Q,R,S,T,V,W,Y,c-carb,m-oxid,n-deam,q-deam,% C w/ carb.,% M w/ oxid,% N w/ deam,% Q w/ deam,NAAF check
sample total,75.18213385232924,49.28030262961241,0.3573157410122951,0.7542071907809879,0.13007289593310956,0.467209045013118,3.5656830926077436,0.359215431248627,0.0,1.195714008769226,102.5691888665628,0.9675087008672233,18.64586676448884,77.32405802902848,0.2644965477928108,74.21146881468964,109.654581410232,72.0200390360165,125.3850175431593,0.22369587070595287,0.35141666109763064,0.3573157410122951,0.13772925378485484,0.26134360221686703,0.03155700350054046,1.0,0.14235453765056755,0.01401616806114894,0.1193096989880569,0.00022846516440762016
