,A,C,D,E,F,G,H,I,K,L,M,N,P,Q,R,S,T,V,W,Y,c-carb,m-oxid,n-deam,q-deam,Total area,Total length,% C w/ carb,% M w/ oxid,% N w/ deam,% Q w/ deam,NAAF denom.
sample total,107,29,22,31,91,65,259,0,92,303,199,67,267,15,183,141,81,216,27,136,29,10,8,1,1248914867.1,2272,1.0,0.05025125628140704,0.11940298507462686,0.06666666666666667,549698.4450264084
