,NAAF,A,C,D,E,F,G,H,I,K,L,M,N,P,Q,R,S,T,V,W,Y,c-carb,m-oxid,n-deam,q-deam,% C w/ carb.,% M w/ oxid,% N w/ deam,% Q w/ deam,NAAF check
sample total,269.6644847184314,202.8499981224268,2.6819903203117876,1.7805802976892107,1.587425664152076,4.337193659872147,8.216235345574068,11.103023875460696,0.0,4.73925917725264,344.71256342123075,9.048806170390842,49.62230159886021,273.8415410354721,1.9736761483164074,267.3452690857757,354.54211051498834,259.69829508619785,474.42323288709696,2.4845803821577954,6.526773579092939,2.6819903203117876,0.8578025878620699,0.7073931983891246,0.12079350160224551,1.0,0.09479732151506778,0.01425554993614752,0.06120229081416687,0.0004905680326341048
