,NAAF,A,C,D,E,F,G,H,I,K,L,M,N,P,Q,R,S,T,V,W,Y,c-carb,m-oxid,n-deam,q-deam,% C w/ carb.,% M w/ oxid,% N w/ deam,% Q w/ deam,NAAF check
sample total,104.5107575258748,98.42531601874857,0.5209412022801462,3.1697175655942273,6.637625089046359,2.9647365532920196,5.402266701137248,1.3493565159837613,0.0,4.324657625348259,170.45984211667255,2.88896419208536,24.67132219394382,106.75196119731059,1.3563449802236343,102.13383251289694,144.71857812945476,99.90269778740019,120.02893804015116,0.37394210100136405,2.896814063270818,0.5209412022801462,0.23328738533060922,0.6500327202704494,0.5572827744775899,1.0,0.0807512207903878,0.026347705046388472,0.41087096763959347,0.00035673109304570953
