,NAAF,A,C,D,E,F,G,H,I,K,L,M,N,P,Q,R,S,T,V,W,Y,c-carb,m-oxid,n-deam,q-deam,% C w/ carb.,% M w/ oxid,% N w/ deam,% Q w/ deam,NAAF check
sample total,288.75099340834964,199.08536143638077,2.380971487974987,1.3397796665436563,3.557736562644892,8.700873947294163,7.505702901150443,13.857417902993944,0.0,6.432317300139483,375.7671246303613,8.719813467425777,54.994811819485115,291.01295435512213,5.283816074633338,290.25332245573037,378.0108475820135,277.23657357247447,513.4872434375728,4.256416897697109,6.469923496226658,2.380971487974987,0.8867080594159216,0.8078306669041263,0.0014337012235464822,1.0,0.10168887932389355,0.014689215949238056,0.0002713382152776716,0.00037549446943293706
