,A,C,D,E,F,G,H,I,K,L,M,N,P,Q,R,S,T,V,W,Y,c-carb,m-oxid,n-deam,q-deam,Total area,Total length,% C w/ carb,% M w/ oxid,% N w/ deam,% Q w/ deam,NAAF denom.
sample total,130,30,30,51,104,84,237,0,136,321,183,99,250,39,174,175,111,202,47,112,30,17,15,1,1879408314.47,2444,1.0,0.09289617486338798,0.15151515151515152,0.02564102564102564,768988.6720417349
