,NAAF,A,C,D,E,F,G,H,I,K,L,M,N,P,Q,R,S,T,V,W,Y,c-carb,m-oxid,n-deam,q-deam,% C w/ carb.,% M w/ oxid,% N w/ deam,% Q w/ deam,NAAF check
sample total,19.222556892486164,19.22235126002324,0.0,0.21857874642126376,0.6312576608039512,0.027678495432786363,0.006520154680343893,0.08883364620213463,0.0,0.10035694555031416,38.319007486822535,0.1109590213163768,19.15552613978072,19.158413016425833,0.011523299348179515,19.211033593137987,57.2110843122155,18.440003549103956,0.09325991047563842,0.011523299348179515,0.0,0.0,0.09480382523176996,0.05095981280139136,0.0,,0.8544039421675896,0.002660319138692931,0.0,6.249421616883277e-05
