,NAAF,A,C,D,E,F,G,H,I,K,L,M,N,P,Q,R,S,T,V,W,Y,c-carb,m-oxid,n-deam,q-deam,% C w/ carb.,% M w/ oxid,% N w/ deam,% Q w/ deam,NAAF check
sample total,60.44272228094015,46.297335716021024,1.9929116077018603,0.7700002453745655,1.3303415160377505,0.1638106368580161,6.820720994543271,2.1438746751708044,2.656514571795959,3.0037814169796277,64.57832143191122,1.6143048050303406,13.094167061904802,60.40660370171035,4.279257506800222,59.33414221648967,68.90351906535615,72.521497586763,111.39713559202022,0.7642585882847258,1.807997754146299,1.9929116077018603,0.01262727435820885,0.11799407550566732,0.0007399015255961703,1.0,0.00782211284935841,0.009011193682487107,0.00017290418359268715,0.00017151164880864145
