,A,C,D,E,F,G,H,I,K,L,M,N,P,Q,R,S,T,V,W,Y,c-carb,m-oxid,n-deam,q-deam,Total area,Total length,% C w/ carb,% M w/ oxid,% N w/ deam,% Q w/ deam,NAAF denom.
sample total,91,24,21,30,22,93,14,71,37,80,7,63,39,34,30,90,51,65,9,23,24,1,8,8,278325153.0,820,1.0,0.14285714285714285,0.12698412698412698,0.23529411764705882,339420.9182926829
