,NAAF,A,C,D,E,F,G,H,I,K,L,M,N,P,Q,R,S,T,V,W,Y,c-carb,m-oxid,n-deam,q-deam,% C w/ carb.,% M w/ oxid,% N w/ deam,% Q w/ deam,NAAF check
sample total,95.45995920141598,82.04971595503196,5.523769329486033,1.1797511446509068,9.808287363580725,5.811733893492627,15.136481059136846,8.016411676285575,11.399776980006596,6.229089820427363,93.22042439786667,0.7043630143006175,21.295145115242484,92.20306927049778,3.1108908957236547,89.85585303822933,102.48717015352355,104.4557472203453,173.09656075760992,1.3032431720844735,4.600921893832907,5.523769329486033,0.0,0.290920931911168,0.27120131270735826,1.0,0.0,0.013661373535460661,0.08717802128006533,0.00028124359477164456
