,A,C,D,E,F,G,H,I,K,L,M,N,P,Q,R,S,T,V,W,Y,c-carb,m-oxid,n-deam,q-deam,Total area,Total length,% C w/ carb,% M w/ oxid,% N w/ deam,% Q w/ deam,NAAF denom.
sample total,118,10,29,48,49,154,34,94,121,164,11,68,65,34,71,126,55,87,3,29,10,5,9,10,242956423.0,1349,1.0,0.45454545454545453,0.1323529411764706,0.29411764705882354,180101.1289844329
