,NAAF,A,C,D,E,F,G,H,I,K,L,M,N,P,Q,R,S,T,V,W,Y,c-carb,m-oxid,n-deam,q-deam,% C w/ carb.,% M w/ oxid,% N w/ deam,% Q w/ deam,NAAF check
sample total,160.74212118596256,114.13650523434328,3.7120060025879345,2.6029031651439127,7.517394793702314,2.1115721458383727,12.506571630738852,3.5669766920844834,7.518893508861119,10.579658720591611,156.44435172130972,1.2231255246509747,31.507265332062804,156.50806629172413,1.1440455871398432,156.02034347372265,163.5120793793002,198.44670530713367,327.7216439798853,1.7841617499415676,1.6852343951158346,3.7120060025879345,0.005846462770081185,0.4384450274682041,0.12394888060538761,1.0,0.004779936852147292,0.013915680172408627,0.10834260627259133,0.0008925103473407028
