,NAAF,A,C,D,E,F,G,H,I,K,L,M,N,P,Q,R,S,T,V,W,Y,c-carb,m-oxid,n-deam,q-deam,% C w/ carb.,% M w/ oxid,% N w/ deam,% Q w/ deam,NAAF check
sample total,104.48244918195097,71.0683923386938,1.7837076114463368,3.852153092581746,5.978001854296537,3.3075996814126016,10.18700287144817,6.047889318646496,37.41273695288322,7.4634933399637315,86.84997064261901,3.1565598041868985,22.440462000590173,100.67851675020428,8.929460052919893,99.42275407321759,89.99959030102741,132.7455420732269,199.99837517372862,0.49477213108242313,1.0832101446305775,1.7837076114463368,0.06165497317160843,1.7328425438597477,0.6801301152660306,1.0,0.01953233171436465,0.07721955741437832,0.07616699231927591,0.00018994095611198796
