,A,C,D,E,F,G,H,I,K,L,M,N,P,Q,R,S,T,V,W,Y,c-carb,m-oxid,n-deam,q-deam,Total area,Total length,% C w/ carb,% M w/ oxid,% N w/ deam,% Q w/ deam,NAAF denom.
sample total,83,13,29,48,33,67,22,72,63,109,7,94,34,34,28,57,44,55,3,12,13,4,10,2,487919690.0,887,1.0,0.5714285714285714,0.10638297872340426,0.058823529411764705,550078.5682074408
