,NAAF,A,C,D,E,F,G,H,I,K,L,M,N,P,Q,R,S,T,V,W,Y,c-carb,m-oxid,n-deam,q-deam,% C w/ carb.,% M w/ oxid,% N w/ deam,% Q w/ deam,NAAF check
sample total,80.73905777848498,39.70786890714138,0.0,4.108411760648481,25.74491305137051,1.618131432149566,26.786191214686404,1.764131239151266,22.49549712109276,9.295184149062859,72.39567865427996,0.30980591181688544,7.112484129406283,63.53198057132058,0.6876700225534779,73.87828348161817,38.47166805506062,74.77370400124529,201.08243771165905,0.06733080627000994,0.1686277789934446,0.0,0.21407957786968446,0.07262315142725152,0.0,,0.6910119197345039,0.010210659188256602,0.0,0.0006819577065428478
