,NAAF,A,C,D,E,F,G,H,I,K,L,M,N,P,Q,R,S,T,V,W,Y,c-carb,m-oxid,n-deam,q-deam,% C w/ carb.,% M w/ oxid,% N w/ deam,% Q w/ deam,NAAF check
sample total,89.55723470929803,63.66507972668538,0.3327881618799892,1.0662448600336762,0.5351689855233452,0.8330126485414349,4.259773091066706,2.8459341626393466,0.0,1.2817072727757646,123.06494642083683,3.267569675966609,26.374914419274553,91.66474932862543,0.11963687482352187,88.36502241397632,138.76538326705034,83.91424502531298,139.43016218675697,0.19395412293054132,1.8604312279372908,0.3327881618799892,0.1689627854201836,0.3225347212388895,0.020902228997325557,1.0,0.05170900766490961,0.012228844276483566,0.1747139335439742,0.00038998871422103753
