,A,C,D,E,F,G,H,I,K,L,M,N,P,Q,R,S,T,V,W,Y,c-carb,m-oxid,n-deam,q-deam,Total area,Total length,% C w/ carb,% M w/ oxid,% N w/ deam,% Q w/ deam,NAAF denom.
sample total,64,10,15,27,15,24,44,0,36,121,43,35,59,9,54,70,38,77,12,34,10,5,5,1,177052887.54,771,1.0,0.11627906976744186,0.14285714285714285,0.1111111111111111,229640.58046692607
