,NAAF,A,C,D,E,F,G,H,I,K,L,M,N,P,Q,R,S,T,V,W,Y,c-carb,m-oxid,n-deam,q-deam,% C w/ carb.,% M w/ oxid,% N w/ deam,% Q w/ deam,NAAF check
sample total,70.12615610547945,46.16194436325143,0.3541857222270653,0.5108839192658924,0.044339976307197285,0.04404219795333812,3.1809631264547553,0.15434397672818026,0.0,1.034926685263345,91.54807175593417,1.2904276577197222,13.426522503911102,71.9203348620174,0.04833689351284948,69.22569965945007,95.79685437432367,66.655995084344,125.15678744701772,0.036606826639203394,0.4988692630937931,0.3541857222270653,0.48843954744108553,0.06900057798361853,0.0,1.0,0.3785098254203518,0.005139125038781925,0.0,0.0002148113635250228
