,NAAF,A,C,D,E,F,G,H,I,K,L,M,N,P,Q,R,S,T,V,W,Y,c-carb,m-oxid,n-deam,q-deam,% C w/ carb.,% M w/ oxid,% N w/ deam,% Q w/ deam,NAAF check
sample total,99.10173278545119,99.34882681736354,2.31766054710852,1.786594346807315,3.461332011333764,0.6901040126960203,6.074892203275144,1.232630598880153,4.197671836602149,1.6271797295552308,124.59260331528424,0.021330385784265278,21.244951301840885,81.82298402959418,19.117419686867276,98.38927910352758,96.08524311653221,95.88272810737149,186.94021979188162,0.5007307667519806,1.5431465168852245,2.31766054710852,0.0027531863764288307,1.2349480095585106,17.65932084738122,1.0,0.12907344500350132,0.058129011077163624,0.9237293074395548,0.00024948973705769367
