,NAAF,A,C,D,E,F,G,H,I,K,L,M,N,P,Q,R,S,T,V,W,Y,c-carb,m-oxid,n-deam,q-deam,% C w/ carb.,% M w/ oxid,% N w/ deam,% Q w/ deam,NAAF check
sample total,163.445602955927,156.40149131833394,0.14599300691395006,17.457508777668085,21.15878032716858,0.47417698167832145,48.77440329553425,1.1980668299522539,24.663597120216778,17.17978423878525,252.51275091328893,3.307484762310433,56.49815034016717,164.70218839402463,17.866356522984603,153.45884452901475,219.54254918901628,145.88585777210747,201.87325274741187,0.7349463562166249,0.3867964207240387,0.14599300691395006,0.011301521135790558,0.29443746525285985,0.5075180115437548,1.0,0.0034169533491352853,0.005211453179973053,0.028406351954907316,0.0008129415856834212
