,A,C,D,E,F,G,H,I,K,L,M,N,P,Q,R,S,T,V,W,Y,c-carb,m-oxid,n-deam,q-deam,Total area,Total length,% C w/ carb,% M w/ oxid,% N w/ deam,% Q w/ deam,NAAF denom.
sample total,147,8,82,79,34,132,31,91,73,144,23,80,109,63,104,87,70,157,9,20,8,5,15,13,302386040.0,1504,1.0,0.21739130434782608,0.1875,0.20634920634920634,201054.54787234042
