,NAAF,A,C,D,E,F,G,H,I,K,L,M,N,P,Q,R,S,T,V,W,Y,c-carb,m-oxid,n-deam,q-deam,% C w/ carb.,% M w/ oxid,% N w/ deam,% Q w/ deam,NAAF check
sample total,214.59206515484559,154.45239302945248,7.725057084644833,3.155192668390095,5.926625618493238,5.7147285936006575,14.021258158832316,9.237067099207618,0.0,10.079270406141013,275.8177551803768,6.115396542545506,42.99465708658343,214.14484454802727,3.3117935199209154,211.35224800560817,288.9291498160377,207.57581461676997,382.8191579707028,6.353214739470568,4.75275318989603,7.725057084644833,0.637027489539481,0.3263760816856697,0.08066758596080315,1.0,0.10416781399335409,0.007591084655667971,0.02435767371231811,0.00020365439838099735
