,A,C,D,E,F,G,H,I,K,L,M,N,P,Q,R,S,T,V,W,Y,c-carb,m-oxid,n-deam,q-deam,Total area,Total length,% C w/ carb,% M w/ oxid,% N w/ deam,% Q w/ deam,NAAF denom.
sample total,149,57,34,51,50,117,103,0,136,229,93,77,137,30,117,221,133,135,42,44,57,16,5,1,1928282930.0,1830,1.0,0.17204301075268819,0.06493506493506493,0.03333333333333333,1053706.519125683
