,NAAF,A,C,D,E,F,G,H,I,K,L,M,N,P,Q,R,S,T,V,W,Y,c-carb,m-oxid,n-deam,q-deam,% C w/ carb.,% M w/ oxid,% N w/ deam,% Q w/ deam,NAAF check
sample total,311.9852340094388,228.74841511680785,8.077006601157242,4.114210116331808,5.1162055638931365,6.953304672353372,16.173093849121123,13.247252382880394,0.0,12.00591026502871,398.9330200848808,10.681199313560004,55.182282870813104,316.0315864528601,4.134859205741134,305.3872732708713,404.79393288392373,302.43236945148675,555.5042310793187,7.136432933843416,7.5659006007292415,8.077006601157242,0.9043883554065514,0.6763557732993245,0.1447211334810649,1.0,0.08467104946336987,0.012256755938907724,0.0350002566665689,0.0003700889893049284
