,A,C,D,E,F,G,H,I,K,L,M,N,P,Q,R,S,T,V,W,Y,c-carb,m-oxid,n-deam,q-deam,Total area,Total length,% C w/ carb,% M w/ oxid,% N w/ deam,% Q w/ deam,NAAF denom.
sample total,161,49,34,56,89,125,225,0,181,338,181,89,271,38,160,230,152,192,54,96,49,28,12,1,2225521541.0,2640,1.0,0.15469613259668508,0.1348314606741573,0.02631578947368421,843000.5837121212
