,NAAF,A,C,D,E,F,G,H,I,K,L,M,N,P,Q,R,S,T,V,W,Y,c-carb,m-oxid,n-deam,q-deam,% C w/ carb.,% M w/ oxid,% N w/ deam,% Q w/ deam,NAAF check
sample total,354.21201921888587,290.6883142309383,118.02996537630062,38.91076486202718,39.303993332037294,56.56541531704859,78.39534048844364,109.86001540333461,0.0,116.38049028182473,445.26577076365135,118.47901053524235,82.66629486476205,361.3728176967975,33.89894108362261,320.2710081956494,402.8774902450043,287.1063153712288,402.19167022928855,22.14176544246869,21.283610349649408,118.02996537630062,46.89770789310796,31.650941448737242,10.984074559544457,1.0,0.395831360181371,0.38287601374316593,0.3240241201767546,0.005337513118237201
