,A,C,D,E,F,G,H,I,K,L,M,N,P,Q,R,S,T,V,W,Y,c-carb,m-oxid,n-deam,q-deam,Total area,Total length,% C w/ carb,% M w/ oxid,% N w/ deam,% Q w/ deam,NAAF denom.
sample total,303,78,79,129,67,120,162,0,233,355,134,139,191,59,218,259,159,201,56,70,78,40,27,4,189332910.0,2853,1.0,0.29850746268656714,0.19424460431654678,0.06779661016949153,66362.74447949528
