,NAAF,A,C,D,E,F,G,H,I,K,L,M,N,P,Q,R,S,T,V,W,Y,c-carb,m-oxid,n-deam,q-deam,% C w/ carb.,% M w/ oxid,% N w/ deam,% Q w/ deam,NAAF check
sample total,70.78550955023542,55.51099223595209,0.160165387030248,0.8252629899329008,0.15929725121847824,0.776174853150868,3.488511713521387,1.0798662754607737,0.0,1.2663167024681732,97.42826682133206,2.1727974051499386,15.812206087021796,72.13214040886051,0.549185897095678,69.57687575370812,98.50641430981537,65.68592797273227,108.49830120980504,0.8782035957570173,2.6110928769127173,0.160165387030248,0.6896851585669106,0.1872374940729407,0.23660427750373336,1.0,0.3174180698726108,0.011841326443792044,0.4308273004732907,0.0003439046066707817
