,A,C,D,E,F,G,H,I,K,L,M,N,P,Q,R,S,T,V,W,Y,c-carb,m-oxid,n-deam,q-deam,Total area,Total length,% C w/ carb,% M w/ oxid,% N w/ deam,% Q w/ deam,NAAF denom.
sample total,49,3,11,26,12,15,29,0,26,91,37,26,43,11,53,58,36,52,10,22,3,10,3,3,122674029.0,596,1.0,0.2702702702702703,0.11538461538461539,0.2727272727272727,205828.9077181208
