,NAAF,A,C,D,E,F,G,H,I,K,L,M,N,P,Q,R,S,T,V,W,Y,c-carb,m-oxid,n-deam,q-deam,% C w/ carb.,% M w/ oxid,% N w/ deam,% Q w/ deam,NAAF check
sample total,83.39379058074393,68.08143849026028,1.0463235265972375,1.4954386143038472,0.3098307683229944,1.3822998809782967,4.375137785348141,0.0692250024486742,0.0,2.849945081695353,120.2533682862638,3.346044661487377,27.566365554183506,83.47025313988168,0.6973283523778993,80.60424301499476,137.19584833908152,75.60913984865614,109.71472857257787,0.17677213015486215,0.42638427868576856,1.0463235265972375,0.9508454489109621,0.11588272250745806,0.2430955825289045,1.0,0.2841699813081079,0.004203772248455566,0.34860992199721297,0.000187189862424002
