,A,C,D,E,F,G,H,I,K,L,M,N,P,Q,R,S,T,V,W,Y,c-carb,m-oxid,n-deam,q-deam,Total area,Total length,% C w/ carb,% M w/ oxid,% N w/ deam,% Q w/ deam,NAAF denom.
sample total,73,15,20,23,16,27,8,0,48,99,33,38,48,28,43,76,46,69,6,16,15,7,3,3,318535200.0,715,1.0,0.21212121212121213,0.07894736842105263,0.10714285714285714,445503.7762237762
