,A,C,D,E,F,G,H,I,K,L,M,N,P,Q,R,S,T,V,W,Y,c-carb,m-oxid,n-deam,q-deam,Total area,Total length,% C w/ carb,% M w/ oxid,% N w/ deam,% Q w/ deam,NAAF denom.
sample total,94,21,33,53,61,51,174,0,95,239,135,55,182,29,144,115,93,170,27,83,21,10,9,1,437990380.4,1813,1.0,0.07407407407407407,0.16363636363636364,0.034482758620689655,241583.22140099283
