,NAAF,A,C,D,E,F,G,H,I,K,L,M,N,P,Q,R,S,T,V,W,Y,c-carb,m-oxid,n-deam,q-deam,% C w/ carb.,% M w/ oxid,% N w/ deam,% Q w/ deam,NAAF check
sample total,213.48933330791994,118.94777802397577,3.0368383239586128,5.401115100365096,6.155893539181592,7.170956923762187,6.7914314948007055,12.833305300079061,0.0,9.080819720788188,271.3704784648044,11.331931727598317,45.251688149398426,215.33995583201434,2.321540886188668,207.49789971390376,280.8009594667926,199.65677363619213,406.6885875211267,4.029020852959875,7.7447142552540615,3.0368383239586128,1.145906022472314,1.629446540871464,0.23552960205606593,1.0,0.10112186077520402,0.03600852493042574,0.10145399697988555,0.0008837092744680001
