,NAAF,A,C,D,E,F,G,H,I,K,L,M,N,P,Q,R,S,T,V,W,Y,c-carb,m-oxid,n-deam,q-deam,% C w/ carb.,% M w/ oxid,% N w/ deam,% Q w/ deam,NAAF check
sample total,538.8672058395877,508.10863175294395,189.5174197986711,111.63751501737215,88.59101778741211,40.71657181807798,136.90793066374715,64.94111830785542,0.0,54.06045834919425,817.8815423705028,123.7082826082565,235.98003501166593,608.5680696695275,19.387757049225634,512.5925382833165,931.2198094965789,461.27583137926393,441.93911656334984,9.845944510617587,40.14572531144746,189.5174197986711,92.0459538809424,34.18579200271843,1.7724189318995178,1.0,0.7440565169950804,0.144867306257618,0.09141949362163634,0.0032790577492185307
