,A,C,D,E,F,G,H,I,K,L,M,N,P,Q,R,S,T,V,W,Y,c-carb,m-oxid,n-deam,q-deam,Total area,Total length,% C w/ carb,% M w/ oxid,% N w/ deam,% Q w/ deam,NAAF denom.
sample total,452,143,138,233,94,224,176,0,300,602,167,307,332,116,290,365,240,414,143,109,143,59,71,6,730144809.4699999,4443,1.0,0.3532934131736527,0.23127035830618892,0.05172413793103448,164335.99132793155
