,NAAF,A,C,D,E,F,G,H,I,K,L,M,N,P,Q,R,S,T,V,W,Y,c-carb,m-oxid,n-deam,q-deam,% C w/ carb.,% M w/ oxid,% N w/ deam,% Q w/ deam,NAAF check
sample total,161.80667867924632,114.3727168921832,18.662583787102665,2.0719858697890046,5.631102271804723,4.297563928016238,17.020955299781377,8.977022885817263,0.0,11.396907056651774,199.26305230249716,8.390486113726723,21.685869797655172,162.37110336465616,2.2077962847426016,157.03666449597873,196.12661224440166,158.1185101108868,306.50366181070876,7.57612642917472,6.148022203808212,18.662583787102665,2.9240016389960375,2.222565861660339,0.0,1.0,0.3484901350605193,0.10248912690145628,0.0,0.0002749959856403263
