,NAAF,A,C,D,E,F,G,H,I,K,L,M,N,P,Q,R,S,T,V,W,Y,c-carb,m-oxid,n-deam,q-deam,% C w/ carb.,% M w/ oxid,% N w/ deam,% Q w/ deam,NAAF check
sample total,213.82587130817012,95.67953931375224,7.498608584186135,0.543699517006825,12.26359089773496,54.37227287529938,22.303188871016175,113.53343255556123,0.0,25.750097104443668,256.945996366926,64.79971862784174,27.68589093678648,259.0257348608333,5.055533363029613,201.6228357380478,194.93709158287197,152.44082391577584,364.060063610793,9.974136132639561,54.69720697964647,7.498608584186135,5.2098931926912435,0.07904536358395983,0.0,1.0,0.08039993541658326,0.0028550774748206348,0.0,0.0006817361597745814
