,NAAF,A,C,D,E,F,G,H,I,K,L,M,N,P,Q,R,S,T,V,W,Y,c-carb,m-oxid,n-deam,q-deam,% C w/ carb.,% M w/ oxid,% N w/ deam,% Q w/ deam,NAAF check
sample total,326.31899376590417,245.40663341504958,14.827091499175825,6.841098991792304,7.079986711005535,7.931387313849466,22.073524972150086,13.214813672559135,0.0,14.306784498412782,397.49236625805025,9.808428858706986,36.376268422446294,330.7418024253302,2.8563742117389683,318.39617806943903,378.04139066985516,317.2188060745672,608.1321872111486,6.66018543476353,5.92013883204721,14.827091499175825,3.0696641656650243,0.7204958236493254,0.13366382191270873,1.0,0.31296186268813786,0.019806754647893932,0.04679492671631909,0.0006892948109308888
