,A,C,D,E,F,G,H,I,K,L,M,N,P,Q,R,S,T,V,W,Y,c-carb,m-oxid,n-deam,q-deam,Total area,Total length,% C w/ carb,% M w/ oxid,% N w/ deam,% Q w/ deam,NAAF denom.
sample total,173,55,48,80,114,148,257,0,237,345,184,102,221,48,152,223,135,173,48,101,55,37,17,3,1273472655.3999999,2690,1.0,0.20108695652173914,0.16666666666666666,0.0625,473409.9090706319
