,NAAF,A,C,D,E,F,G,H,I,K,L,M,N,P,Q,R,S,T,V,W,Y,c-carb,m-oxid,n-deam,q-deam,% C w/ carb.,% M w/ oxid,% N w/ deam,% Q w/ deam,NAAF check
sample total,62.54923398293749,46.658053948566355,0.6990959396130362,0.6882500882633569,1.2005116319727867,0.5691960563485039,2.0009735697589903,0.6678411342585879,23.16812517300756,1.131841835342331,68.15005102657116,0.05766193135345866,10.643764245144535,64.32264529182146,0.2676388576966775,64.28969854801481,80.52764342828675,58.036698320764714,96.68506222168675,0.019846555307792297,0.11685924350313212,0.6990959396130362,0.01687710466345821,0.30213070053860075,0.07082278546112696,1.0,0.292690589220888,0.028385700169601794,0.2646207134144638,0.00043644443144151855
