,NAAF,A,C,D,E,F,G,H,I,K,L,M,N,P,Q,R,S,T,V,W,Y,c-carb,m-oxid,n-deam,q-deam,% C w/ carb.,% M w/ oxid,% N w/ deam,% Q w/ deam,NAAF check
sample total,37.698238175908294,29.50871615846426,0.04433443669144281,0.3038196949976694,0.32041804916425326,0.392126220700437,0.4821233313570302,0.2175604045464689,11.489698368308945,0.35438295257214336,44.17918416209438,0.10952985138974226,7.983353755492402,39.15648024288012,0.06957523117462405,39.2265820279578,52.101995033202854,34.92826964282745,53.86407076992465,0.06974880616202575,0.2645325166221324,0.04433443669144281,0.0,0.06258145804278592,0.0,1.0,0.0,0.007838993480619724,0.0,0.0004896475059927945
