,NAAF,A,C,D,E,F,G,H,I,K,L,M,N,P,Q,R,S,T,V,W,Y,c-carb,m-oxid,n-deam,q-deam,% C w/ carb.,% M w/ oxid,% N w/ deam,% Q w/ deam,NAAF check
sample total,127.7200914183513,93.85279142257451,2.818226976062875,11.704123555508442,24.197818758545534,8.368051749175041,23.05517376211187,6.446946725037701,18.463569199680986,7.1449517510997795,125.28571426887243,1.2122070956595636,43.88644296485707,119.66574306325572,12.072506098600162,122.62929244324005,124.3623354679692,151.81676387569655,256.6827992082256,0.744635235466805,2.246202129087827,2.818226976062875,1.1673966419055437,3.971373579191848,2.9303848366647616,1.0,0.9630339948392741,0.0904920360570576,0.24273210655114494,0.00031985205744286906
