,stripped_IL,Area,NAAF_num.
0,LSSPATLNSR,6190000.0,619000.0
1,LATVLSPR,6900000.0,862500.0
2,LATVLSPR,6900000.0,862500.0
3,SLVNLGGSK,59000.0,6555.555555555556
4,VATVSLPR,15700000.0,1962500.0
5,GNEQFLNAAK,40000.0,4000.0
6,LHVAQSLPEALQ,0.0,0.0
7,VVTLVSPR,11700000.0,1462500.0
8,HVVLLALETK,34000.0,3400.0
9,VVTVSLPR,10600000.0,1325000.0
10,VVTVSLPR,10600000.0,1325000.0
11,MVLDLSGFK,5700.0,633.3333333333334
12,CKQLLLLLLK,0.0,0.0
13,VVVTLSPR,1240000.0,155000.0
14,LSGVNPADLSLLMVLFRAKK,0.0,0.0
15,TAAKKAAGR,3210.0,356.6666666666667
16,KNYRTEVLADR,28700.0,2609.090909090909
17,AGGLDVHLETER,0.0,0.0
18,ELYTLEQELAR,7500.0,681.8181818181819
19,RYALQPTAVLGLR,0.0,0.0
20,LEYLSGDVELVK,34700.0,2891.6666666666665
21,LVLHVETRR,45000.0,5000.0
22,LTTLPVLNPTTR,8170.0,680.8333333333334
23,LEGPVVSDVGGHAK,49900.0,3564.285714285714
24,SPATLNSR,30600.0,3825.0
25,RVALLSQYR,234000.0,26000.0
26,RPVSLPR,2220000.0,317142.85714285716
27,QRLSGLPGVQVR,0.0,0.0
28,TYFYMLYQYGVKLPEFSLK,0.0,0.0
29,MTGLLVLLR,18500.0,2055.5555555555557
30,VHKVLRVFR,20100.0,2233.3333333333335
31,DPYTAGK,7570.0,1081.4285714285713
32,GGRLLGQPRQR,5490.0,499.09090909090907
33,LLLFPLMK,5930.0,741.25
34,VPVADAAAR,2660.0,295.55555555555554
35,LAAEKAALAK,4700.0,470.0
36,VVVLLLVVTFELK,3690.0,283.84615384615387
37,TGLEALALR,6020.0,668.8888888888889
38,LSKLQMRTLAHERSQDMLK,0.0,0.0
39,GRQKTGSALVVQGNAHLGR,11400.0,600.0
40,EDVVMLVGN,1380.0,153.33333333333334
41,ADDLVVGNPK,0.0,0.0
42,VNVVPAKYK,59200.0,6577.777777777777
43,GLRFGLSALK,213000.0,21300.0
44,GSVLVRDGKLLGR,92200.0,7092.307692307692
45,VVPLPLDWVVT,21200.0,1927.2727272727273
46,GGLERGLEFMKK,14700.0,1225.0
47,LVQYDVPYLK,9320.0,932.0
48,TKGDLAALLK,3820.0,382.0
49,AFLAKVGVEK,8090.0,809.0
50,EGKLTRQLRLR,4540.0,412.72727272727275
