,stripped_peptide,Area,NAAF_num.
0,LSSPATLNSR,6190000.0,619000.0
1,LSSPATLNSR,6190000.0,619000.0
2,LSSPATLNSR,6190000.0,619000.0
3,KNYLSWVVEAR,4790.0,435.45454545454544
4,ELYLSWVVEAR,8420.0,765.4545454545455
5,ELYLSWVVEAR,,
6,VVTVLSPR,10600000.0,1325000.0
7,VVTVLSPR,10600000.0,1325000.0
8,ELYLSWVVEAR,,
9,VVTVLSPR,10600000.0,1325000.0
10,VVTVSLPR,10600000.0,1325000.0
11,VATVSPLR,15700000.0,1962500.0
12,LATVLSPR,6900000.0,862500.0
13,VVTVLSPR,1070000.0,133750.0
14,ELYLSWVVEAR,,
15,VVTVLSPR,1070000.0,133750.0
16,VVTVLSPR,151000.0,18875.0
17,VVTVLSPR,1070000.0,133750.0
18,QNYLSWVVEVK,52100.0,4736.363636363636
19,ELYLSWVVEAR,7500.0,681.8181818181819
20,VTVNLNSK,9250.0,1156.25
21,VVTVLSPR,17700.0,2212.5
22,LATVLSPR,6900000.0,862500.0
23,LSSPATLNSR,6190000.0,619000.0
24,ELYLSWVVEAR,2320.0,210.9090909090909
25,LEYLSWTPEVK,6400.0,581.8181818181819
26,QNYLSWVVEVK,,
27,SPATLNSR,30600.0,3825.0
28,NQYLSWVVEVK,,
29,NQYLSWVVEVK,,
30,NGQQFLNAAK,40000.0,4000.0
31,KNYLYWNHVK,71000.0,7100.0
32,NQYLSVSVVEAR,3230.0,269.1666666666667
33,ELYLSWVDLAR,7910.0,719.0909090909091
34,ELYLSWVDLAR,4790.0,435.45454545454544
35,QNYLSWTLLAR,16500.0,1500.0
36,KNYLSWFAHAK,21800.0,1981.8181818181818
37,VPGVSLPR,2220000.0,277500.0
38,QNYLSWVEVVK,35200.0,3200.0
39,VTVNLGGSK,49800.0,5533.333333333333
40,VGPVSLPR,2220000.0,277500.0
41,ELYLSWVDLAR,2830.0,257.27272727272725
42,TAAKKAQR,3210.0,401.25
43,QNYLSWVEVVK,4150.0,377.27272727272725
44,ELYLSWTPEVK,2330.0,211.8181818181818
45,ELYLSWVNLAR,2440.0,221.8181818181818
46,ECLSSPATQWR,24900.0,2263.6363636363635
47,KNYLSWFAAHK,13000.0,1181.8181818181818
48,VGPVSLPR,2220000.0,277500.0
49,MHMPHLYVPR,8590.0,859.0
50,MVLDKEFK,5700.0,712.5
51,LHVNPHFTVLK,,
52,RSYLYWNHVK,,
53,KNYLYWNHVK,21800.0,2180.0
54,QWVVHLTEER,1000.0,100.0
55,ELYLSWVLWR,14700.0,1470.0
56,ELYLSWPVMAR,2200.0,200.0
57,KTKPKLNAHK,54100.0,5410.0
58,SWCFQK,2290.0,381.6666666666667
59,QNYLYAVPLQR,107000.0,9727.272727272728
60,MHMPHLYVPR,1740.0,174.0
61,LKLLLLPK,2950.0,368.75
62,QRELVSSSEK,10200.0,1020.0
63,RRKQRLMATVSLPR,,
64,NLLKKWTYK,229000.0,25444.444444444445
65,DPYTQK,7570.0,1261.6666666666667
66,CDWWPAALK,18500.0,2055.5555555555557
67,ELYLYVHQATK,,
68,RWMLLLFFKK,17500.0,1750.0
69,GSLLLLPNPNR,8000.0,727.2727272727273
70,KERHRKLR,11500.0,1437.5
