,stripped_peptide,Area,NAAF_num.
0,LSSPATLNSR,13100000.0,1310000.0
1,SPATLNSR,128000.0,16000.0
2,LSSPATLDSR,172000.0,17200.0
3,LSSPATLNSR,13100000.0,1310000.0
4,LSSPATLNSR,13100000.0,1310000.0
5,SPATLNSR,128000.0,16000.0
6,SPATLNSR,128000.0,16000.0
7,YLYELAR,22000.0,3142.8571428571427
8,VATVSPLR,21000000.0,2625000.0
9,VATVSPLR,21000000.0,2625000.0
10,LSSLSVAR,97300.0,12162.5
11,VATVSPLR,21000000.0,2625000.0
12,LATVLSPR,9550000.0,1193750.0
13,VVTVLSPR,14800000.0,1850000.0
14,VVTVLSPR,14800000.0,1850000.0
15,LATVLSPR,9550000.0,1193750.0
16,VVTVLSPR,14800000.0,1850000.0
17,VAEVSLPR,40700.0,5087.5
18,SLVNLGGSK,169000.0,18777.777777777777
19,AEYEDLATR,13900.0,1544.4444444444443
20,MVLNAAVYK,289000.0,32111.11111111111
21,VPGVSLPR,3130000.0,391250.0
22,NWQFLNAAK,87900.0,9766.666666666666
23,SSPATLNDK,80400.0,8933.333333333334
24,MVDLAAYVK,289000.0,32111.11111111111
25,SLTVSLPR,10700.0,1337.5
26,VTVNLGGSK,169000.0,18777.777777777777
27,VPGVSLPR,3130000.0,391250.0
28,CNSGAAATK,143000.0,15888.888888888889
29,HMFPHLYVPR,2860.0,286.0
30,MHMLHLYVPR,14300.0,1430.0
31,VGPVSLPR,3130000.0,391250.0
32,KNYLYWNHVK,14500.0,1450.0
33,DMLGAYK,224000.0,32000.0
34,EATVLLAR,12000.0,1500.0
35,HMFPHLYVPR,4320.0,432.0
36,SCK,30600.0,10200.0
37,DMLGYAK,224000.0,32000.0
38,HFPMHLYHSK,49.5,4.95
39,MHFPHLYVPR,3310.0,331.0
40,MHFPHLYVPR,69300.0,6930.0
41,MHMLHLYVPR,527000.0,52700.0
42,KVHRWWETGTAEEFANR,188000.0,11058.823529411764
43,HFPMHLYVPR,1250.0,125.0
44,ELYLYWNHVK,4090.0,409.0
45,RQPMHLYHSK,1690.0,169.0
46,HMLMHLYVPR,17500.0,1750.0
47,MHLMHLYVPR,3310.0,331.0
48,MHLMHLYVPR,33100.0,3310.0
49,SMVFKVNK,10500.0,1312.5
50,MHLMHLYVPR,4090.0,409.0
51,MHLMHLYVPR,2860.0,286.0
52,MSMPLVGK,103000.0,12875.0
53,VATVDHDNDMK,61100.0,5554.545454545455
54,YSMMHLYVPR,46.7,4.67
55,MHLMHLYVPR,6800.0,680.0
56,MHLMHLYVPR,636.0,63.6
57,MHLMHLYVPR,223.0,22.3
58,YYWHLYVPR,18.5,2.0555555555555554
59,YWYHLFVLR,7570.0,841.1111111111111
60,RQPMHLTEER,,
61,RPQMHLTEER,47.7,4.7700000000000005
62,FLAACVLK,3290.0,411.25
63,RKPMHLTEER,1220000.0,122000.0
64,NNMTQK,4950.0,825.0
65,KAPESHLYHSK,18100.0,1645.4545454545455
66,NLWPGSPR,3700.0,462.5
67,CFWKK,6850.0,1370.0
68,MHLMHLTTKGK,1010.0,91.81818181818181
69,TAMLLLLMR,2520.0,280.0
70,MHLMHLTKGTK,14900.0,1354.5454545454545
71,MHLMHLYVPR,631.0,63.1
72,KRPMHLYHSK,10200.0,1020.0
73,EYYGHLTAQSK,17800.0,1618.1818181818182
74,DDTEWMNLLSDKGAATK,157000.0,9235.29411764706
75,LYLKKSPR,32700.0,4087.5
76,FWCRLTQASK,1020.0,102.0
