,stripped_IL,Area,NAAF_num.
0,EQAGGDATENFEDVGHSTDAR,106000.0,5047.619047619048
1,LSSPATLNSR,13100000.0,1310000.0
2,LSSPATLNSR,172000.0,17200.0
3,SLVNLGGSK,169000.0,18777.777777777777
4,LATVLSPR,9550000.0,1193750.0
5,LATVLSPR,9550000.0,1193750.0
6,YLYELAR,22000.0,3142.8571428571427
7,YLYELAR,22000.0,3142.8571428571427
8,VATVSLPR,21000000.0,2625000.0
9,SCL,143000.0,47666.666666666664
10,ARHGAVGQGFGLVTEEFANR,203000.0,10150.0
11,SLSLSVAR,97300.0,12162.5
12,VVTLVSPR,14800000.0,1850000.0
13,SPATLNSR,128000.0,16000.0
14,VAEVSLPR,40700.0,5087.5
15,RAWPGSPR,3700.0,462.5
16,GAHGRCGRSARHGG,1320.0,94.28571428571429
17,HVVLLALETK,2110.0,211.0
18,LGEHNLDVL,289000.0,32111.11111111111
19,YKDSLPHK,363.0,45.375
20,TANLSRLAK,3210.0,356.6666666666667
21,VVALLPAAK,12500.0,1388.888888888889
22,VPGPVFRK,235000.0,29375.0
23,RPVSLPR,3130000.0,447142.85714285716
24,LAKSSSKPR,40200.0,4466.666666666667
25,TASLVLSPR,88100.0,9788.888888888889
26,ANQL,52200.0,13050.0
27,SLLSSLPR,10700.0,1337.5
28,SCLLSGWGNTK,26200.0,2381.818181818182
29,SSPATLNSR,80400.0,8933.333333333334
30,LVAPLLTFN,106000.0,11777.777777777777
31,FLAKVKVVKS,15800.0,1580.0
32,APFKGEVRVVAS,3.8,0.31666666666666665
33,AYLVGMLK,4730.0,591.25
34,LLVPAAFAAEK,1060.0,96.36363636363636
35,HPVLLDATRR,10700.0,1070.0
36,DNHYDMLLSDKGDKK,20200.0,1346.6666666666667
37,LGEHNLD,224000.0,32000.0
38,NNMTQK,4950.0,825.0
39,LLLLLLKK,42700.0,5337.5
40,LLLLLLKK,42700.0,5337.5
41,LLLLLLKK,42700.0,5337.5
42,LLLLLLKK,42700.0,5337.5
43,LLLLLLKK,42700.0,5337.5
44,LLLLLLKK,42700.0,5337.5
45,GALLVLTFDGK,40500.0,3681.818181818182
46,VVVPVYN,4540.0,648.5714285714286
47,MKQALAFVAGDPERVTGAVVAQPG,5930.0,247.08333333333334
48,LLPLTTSK,2230.0,278.75
49,FFVETRHVLV,1870.0,187.0
50,TVYEDLGDR,13900.0,1544.4444444444443
51,DNAFHLDLVAPGK,3960.0,304.61538461538464
52,GNEQFLNAAK,87900.0,8790.0
53,GGVLLMLDLLAVR,68300.0,5253.846153846154
