,stripped_IL,Area,NAAF_num.
0,GSGGGSSGGSLGGR,11600.0,828.5714285714286
1,EQAGGDATENFEDVGHSTDAR,49200.0,2342.8571428571427
2,LSSPATLNSR,14600000.0,1460000.0
3,VLEGNEQFLNAAK,81700.0,6284.615384615385
4,APVLSDSSCK,60800.0,6080.0
5,KVPQVSTPTLVEVSR,9930.0,662.0
6,LSSPATLNSR,141000.0,14100.0
7,GNEQFLNAAK,48000.0,4800.0
8,SLVNLGGSK,80400.0,8933.333333333334
9,LATVLSPR,8780000.0,1097500.0
10,LATVLSPR,8780000.0,1097500.0
11,YYTLEELQK,32100.0,3566.6666666666665
12,YLYELAR,23200.0,3314.285714285714
13,YLYELAR,23200.0,3314.285714285714
14,SCL,90900.0,30300.0
15,LALHFNR,1930.0,275.7142857142857
16,VATVSLPR,19900000.0,2487500.0
17,LVNELTEFAK,45600.0,4560.0
18,LGEHNLDVLEGN,41200.0,3433.3333333333335
19,WLQQTLAAN,27700.0,3077.777777777778
20,SLSLSVAR,43500.0,5437.5
21,LLTHPNFN,39900.0,4987.5
22,VVTLVSPR,13600000.0,1700000.0
23,AEFVEVTK,20100.0,2512.5
24,LSGTAANTR,392000.0,43555.555555555555
25,LGEHNLDVLEGNE,17600.0,1353.8461538461538
26,LGEHNLDVL,599000.0,66555.55555555556
27,QVPALFKSK,265000.0,29444.444444444445
28,VVVTLSPR,0.0,0.0
29,MKHVELLK,0.0,0.0
30,YGLVGEVK,3650.0,456.25
31,SSPATLNSR,55700.0,6188.888888888889
32,ELYTLEQELAR,4360.0,396.3636363636364
33,LGEHNLDVLE,51100.0,5110.0
34,KAVLHEK,558000.0,79714.28571428571
35,KAVLHEK,558000.0,79714.28571428571
36,TAALTACRWVSR,9280.0,773.3333333333334
37,DALRHPR,68400.0,9771.42857142857
38,DALRHPR,68400.0,9771.42857142857
39,SHYAATKAGLLHFTR,174000.0,11600.0
40,ALFVLGLNEK,0.0,0.0
41,LTVLALHDN,6730.0,747.7777777777778
42,TPFGLSLQALQQQLK,134000.0,8933.333333333334
43,GLGLTAHLTTGQAG,12100.0,864.2857142857143
44,SCLLSGWGN,97700.0,10855.555555555555
45,VANRTGLAPGK,4870.0,442.72727272727275
46,VGPFARSKR,1710.0,190.0
47,AEVVKLPFYK,1760.0,176.0
48,LGEHNLD,376000.0,53714.28571428572
49,NTFGGLSVQNK,42700.0,3881.818181818182
50,SGGPVVCNGQL,23100.0,2100.0
51,KPQGPALALLQVVAK,411.0,27.4
52,MEQATLHVPVR,0.0,0.0
53,LNKMLLAMK,817.0,90.77777777777777
54,WRAPGPAAT,9790.0,1087.7777777777778
55,YGMRNSLLLAPMPTASTSQL,0.0,0.0
56,QFLANAK,1090.0,155.71428571428572
