,stripped_IL,Area,NAAF_num.
0,LSSPATLNSR,8990000.0,899000.0
1,LATVLSPR,3390000.0,423750.0
2,LATVLSPR,3390000.0,423750.0
3,SCL,106000.0,35333.333333333336
4,SCLLSGWGN,124000.0,13777.777777777777
5,VATVSLPR,9320000.0,1165000.0
6,MVLDLSGFK,68400.0,7600.0
7,VVTLVSPR,5210000.0,651250.0
8,VVVTLSPR,453000.0,56625.0
9,VVTVSLPR,748000.0,93500.0
10,VVTVSLPR,748000.0,93500.0
11,TFDHADR,1650.0,235.71428571428572
12,ASLPEKLR,5600.0,700.0
13,ASLPEKLR,5600.0,700.0
14,ASLPEKLR,5600.0,700.0
15,AVVVKTTSR,4130.0,458.8888888888889
16,LRGLLGGTYR,554000.0,55400.0
17,HSYLHSHPQKVRAL,184000.0,13142.857142857143
18,QPSDVPVLAK,4230.0,423.0
19,GLGLTAHLTTGQAG,8930.0,637.8571428571429
20,ASPRRRLTSA,2200.0,220.0
21,NFSK,1290.0,322.5
22,VLPLLYK,2040.0,291.42857142857144
23,MAVRRKR,13400.0,1914.2857142857142
24,SSGSSYPSLLQC,48900.0,4075.0
25,LVCPLKKK,625.0,78.125
26,SLLGQYLLAK,0.0,0.0
27,LHLTTKGK,0.0,0.0
28,ELYTLEQELAR,4580.0,416.3636363636364
29,VLVPRHP,0.0,0.0
30,LTTGSDRGSTR,18500.0,1681.8181818181818
31,GALLVLTFDGK,161.0,14.636363636363637
32,RPVSLPR,1180000.0,168571.42857142858
33,AVLPARLETVGR,0.0,0.0
34,GKTTLLKLMLGQLEADSGALR,39800.0,1895.2380952380952
35,LLAASLGAASAR,0.0,0.0
