,stripped_IL,Area,NAAF_num.
0,VLEGNEQFLNAAK,65300.0,5023.076923076923
1,LSSPATLNSR,6660000.0,666000.0
2,YYTLEELQK,32500.0,3611.1111111111113
3,LSSPATLNSR,86100.0,8610.0
4,STSSFSCLSR,26400.0,2640.0
5,LATVLSPR,3330000.0,416250.0
6,LATVLSPR,3330000.0,416250.0
7,LGEHNLDVLEGN,25600.0,2133.3333333333335
8,SLVNLGGSK,72700.0,8077.777777777777
9,VATVSLPR,9060000.0,1132500.0
10,GNEQFLNAAK,26600.0,2660.0
11,FSSSSGYGGGSSR,36200.0,2784.6153846153848
12,APVLSDSSCK,16800.0,1680.0
13,EGNEQFLNAAK,111000.0,10090.90909090909
14,LVNELTEFAK,34300.0,3430.0
15,AEFVEVTK,21100.0,2637.5
16,YLYELAR,24500.0,3500.0
17,YLYELAR,24500.0,3500.0
18,LLTHPNFN,19900.0,2487.5
19,VVTLVSPR,5130000.0,641250.0
20,SCL,47700.0,15900.0
21,EYEATLEECAK,14700.0,1336.3636363636363
22,YLHGPPRS,28900.0,3612.5
23,SLSLSVAR,44900.0,5612.5
24,EQFLNAAK,18600.0,2325.0
25,LSVHPHGK,72700.0,9087.5
26,SCLLSGWGNTK,43600.0,3963.6363636363635
27,LGEHNLDVL,222000.0,24666.666666666668
28,EQAGGDATENFEDVGHSTDAR,42000.0,2000.0
29,ATEEQLK,11600.0,1657.142857142857
30,WSLSGDNKTR,17700.0,1770.0
31,QLHPLQR,442000.0,63142.857142857145
32,NLFAPNK,6190.0,884.2857142857143
33,LGEHNLDVLE,29500.0,2950.0
34,KAVLHEK,2840000.0,405714.28571428574
35,KAVLHEK,2840000.0,405714.28571428574
36,HLVDEPQNLLK,17000.0,1545.4545454545455
37,LLVLSEK,1010.0,144.28571428571428
38,LLVLSEK,1010.0,144.28571428571428
39,LLVLSEK,1010.0,144.28571428571428
40,LLVLSEK,1010.0,144.28571428571428
41,LLVLSEK,1010.0,144.28571428571428
42,VLLPYLK,2440.0,348.57142857142856
43,SPATLNSR,25300.0,3162.5
44,QFQLHPLQR,779000.0,86555.55555555556
45,SSPATLNSR,38700.0,4300.0
46,YKLWSKVPQK,0.0,0.0
47,ECLVKKLK,0.0,0.0
48,HSYLHSHPQKVRAL,2090.0,149.28571428571428
49,MLEHPFLLK,1200.0,133.33333333333334
50,LGEHNLD,161000.0,23000.0
51,LGEHNLD,161000.0,23000.0
52,WLGHVPR,2960.0,422.85714285714283
53,VATVSANWDK,26400.0,2640.0
54,TYDLVLSAPTRALAK,2980.0,198.66666666666666
55,LLQVVVLGHQ,31300.0,3130.0
