,stripped_peptide,Area,NAAF_num.
0,LSSPATLNSR,12700000.0,1270000.0
1,LSSPATLDSR,160000.0,16000.0
2,LSSPATLNSR,12700000.0,1270000.0
3,SPATLNSR,27400.0,3425.0
4,LSSPATLNSR,12700000.0,1270000.0
5,LSSPATLDSR,160000.0,16000.0
6,VATVSPLR,11300000.0,1412500.0
7,VATVSPLR,11300000.0,1412500.0
8,VVTVSLPR,5920000.0,740000.0
9,VVTVLSPR,5920000.0,740000.0
10,VATVSPLR,,
11,VVTVLSPR,5920000.0,740000.0
12,QEFLNAAK,21300.0,2662.5
13,LATVLSPR,4820000.0,602500.0
14,LATVLSPR,4820000.0,602500.0
15,ELYLSWVVEAR,,
16,MVLNAAVYK,218000.0,24222.222222222223
17,LSSPATLSNR,12700000.0,1270000.0
18,SSPATLNDK,62300.0,6922.222222222223
19,VPGVSLPR,1960000.0,245000.0
20,MHFPHLYVPR,383000.0,38300.0
21,ELYLSWVNNVK,102000.0,9272.727272727272
22,VPGVSLPR,1960000.0,245000.0
23,SLVNLGSGK,25900.0,2877.777777777778
24,APVLSDSSCK,33800.0,3380.0
25,MNLGAYK,366000.0,52285.71428571428
26,ELYLSWVPMAR,102000.0,9272.727272727272
27,HMFPHLYVPR,1110.0,111.0
28,SMVFDLLK,13700.0,1712.5
29,DMLGAYK,366000.0,52285.71428571428
30,MHMLHLYVPR,6620.0,662.0
31,MHMLHLYVPR,383000.0,38300.0
32,MHLMHLYVPR,891000.0,89100.0
33,MHLMHLYVPR,5990.0,599.0
34,MHLMHLYVPR,745.0,74.5
35,MHFPHLYVPR,5200.0,520.0
36,MHLMHLYVPR,857.0,85.7
37,MHLMHLYVPR,173000.0,17300.0
38,HMPMHLYVPR,43900.0,4390.0
39,MHLMHLYVPR,,
40,MHLMHLYVPR,358000.0,35800.0
41,SCSSYR,16500.0,2750.0
42,QLACARAR,3600.0,450.0
43,RQPMHLTAQSK,879.0,79.9090909090909
44,VRVHVSK,1960000.0,280000.0
45,RKPMHLTEER,,
46,YLHPGDPK,2040.0,255.0
47,RVWAHLEGSNK,9460.0,860.0
48,MFFSHLYVPR,20.7,2.07
49,CMGDDAAATK,49800.0,4980.0
50,RKPMHLTEER,5810.0,581.0
51,LATVHVAK,21100.0,2637.5
52,WYYHLTANTK,780.0,78.0
53,KATAKVPR,416000.0,52000.0
54,MHLMHLTAKSK,4360.0,396.3636363636364
55,FEHVHLTEER,172.0,17.2
56,RMDARR,4620.0,770.0
57,SHYEKKKKDPPSTK,6440.0,460.0
