,stripped_IL,Area,NAAF_num.
0,LSSPATLNSR,12700000.0,1270000.0
1,APVLSDSSCK,33800.0,3380.0
2,LSSPATLNSR,160000.0,16000.0
3,LATVLSPR,4820000.0,602500.0
4,LATVLSPR,4820000.0,602500.0
5,SLVNLGGSK,25900.0,2877.777777777778
6,LVGGYTCAANSLPYQVSLNSG,687.0,32.714285714285715
7,VATVSLPR,11300000.0,1412500.0
8,MSVFDLLK,13700.0,1712.5
9,VVTLVSPR,6340000.0,792500.0
10,LLAPQFVKPFVK,0.0,0.0
11,VVTVSLPR,5920000.0,740000.0
12,VVTVSLPR,5920000.0,740000.0
13,AHKVFKVYK,4790.0,532.2222222222222
14,SCL,49800.0,16600.0
15,SPATLNSR,27400.0,3425.0
16,EGVLHRLTPR,3980.0,398.0
17,LGEHNLDVL,218000.0,24222.222222222223
18,QEFLANAK,21300.0,2662.5
19,RPWHER,4610.0,768.3333333333334
20,HLLVGKNNKK,786.0,78.6
21,SSPATLNSR,62300.0,6922.222222222223
22,NHNVCYVQLYEGK,1290.0,99.23076923076923
23,DLLPEPDK,4440.0,555.0
24,LNALFLGSGPDEAKLK,57100.0,3568.75
25,RMDARR,4620.0,770.0
26,GLEHRPR,58200.0,8314.285714285714
27,GLEHRPR,58200.0,8314.285714285714
28,ALTCRWLGDR,7700.0,770.0
29,AGLPKVHLV,2040.0,226.66666666666666
30,QALLLPAPQK,1270.0,127.0
31,MTLATLLTATTGS,5600.0,430.7692307692308
32,TSQVVGVTLK,12100.0,1210.0
33,LLYQVQVLALAR,7040.0,586.6666666666666
34,WNLQAFVDFLK,0.0,0.0
35,TTLLLLTVYCL,0.0,0.0
36,LGEHNLD,366000.0,52285.71428571428
37,FEEMFLALLKNK,0.0,0.0
38,TRYGYPAK,16100.0,2012.5
39,QRLVEQVTGLVR,0.0,0.0
40,GNLVVHQAK,896.0,99.55555555555556
41,GEETFDYTLDDGNGGTATAK,14700.0,735.0
