,stripped_peptide,Area,NAAF_num.
0,SPATLNSR,62000.0,7750.0
1,LSSPATLNSR,9990000.0,999000.0
2,SPATLNSR,62000.0,7750.0
3,LSSPATLNSR,9990000.0,999000.0
4,LSSPATLDSR,125000.0,12500.0
5,WNQQFLNAAK,316000.0,31600.0
6,LSSPATLDSR,125000.0,12500.0
7,LATVLSPR,6600000.0,825000.0
8,VVTVSLPR,6450000.0,806250.0
9,VATVSPLR,14800000.0,1850000.0
10,VATVSPLR,14800000.0,1850000.0
11,LSSPATLNSR,9990000.0,999000.0
12,NGQQFLNAAK,111000.0,11100.0
13,VATVSPLR,14800000.0,1850000.0
14,LSSLSVAR,40000.0,5000.0
15,LATVLSPR,6600000.0,825000.0
16,ELYLSWVVEAR,1340.0,121.81818181818181
17,LATVLSPR,6600000.0,825000.0
18,VVTVLSPR,6450000.0,806250.0
19,VVTVLSPR,6450000.0,806250.0
20,VLQGNEQFLNAAK,78000.0,6000.0
21,QEFLNAAK,62800.0,7850.0
22,KMLNAAK,18600.0,2657.1428571428573
23,MVLNAAVYK,1970.0,218.88888888888889
24,VTVNLNSK,79900.0,9987.5
25,SPATLNSR,24100.0,3012.5
26,YLYEALR,19300.0,2757.1428571428573
27,MSR,61700.0,20566.666666666668
28,SSPATLNDK,52100.0,5788.888888888889
29,MVLNAAVYK,315000.0,35000.0
30,DMLGAYK,315000.0,45000.0
31,FVNMMR,315000.0,52500.0
32,VGPVSLPR,2220000.0,277500.0
33,SLVNLGGSK,79900.0,8877.777777777777
34,VGPVSLPR,2220000.0,277500.0
35,HMFPHLYVPR,10200.0,1020.0
36,DMLGFSK,315000.0,45000.0
37,MLLQLR,8750.0,1458.3333333333333
38,SCK,33700.0,11233.333333333334
39,LSLSPAAEPPR,9800.0,890.9090909090909
40,ELYLSWLVDAR,30900.0,2809.090909090909
41,RQEVHLFDPR,33300.0,3330.0
42,TSLVSPLR,29400.0,3675.0
43,HTMSGWTKAK,4130.0,413.0
44,HMMPHLYVPR,134000.0,13400.0
45,CMGDDAAATK,105000.0,10500.0
46,EMWLSVQNK,27000.0,3000.0
47,YSMMHLYVPR,8850.0,885.0
48,SMMPLVGK,150000.0,18750.0
49,HMLMHLYVPR,14900.0,1490.0
50,EWSSGSGLNR,24800.0,2480.0
51,MHPMHLYVPR,218000.0,21800.0
52,RKPMHLTEER,7630.0,763.0
53,WYYHLFLVR,11000.0,1222.2222222222222
54,RQPMHLTEER,,
55,MHLMHLTTANK,318.0,28.90909090909091
56,MHLMHLTTANK,,
57,GRWLHLTEER,2380.0,238.0
58,VTSLKLEAFFK,,
59,RKPMHLTEER,4860.0,486.0
60,WYYHLYVPR,1220000.0,135555.55555555556
61,MHLMHLYVPR,1410.0,141.0
62,SYYVHLTEER,211.0,21.1
63,RDMARR,8210.0,1368.3333333333333
64,HLYVHLTEER,,
65,FHEVHLTEER,1370.0,137.0
66,NPGWLHTLPK,33200.0,3320.0
