,stripped_IL,Area,NAAF_num.
0,LSSPATLNSR,9990000.0,999000.0
1,EGNEQFLNAAK,316000.0,28727.272727272728
2,VLEGNEQFLNAAK,78000.0,6000.0
3,LSSPATLNSR,125000.0,12500.0
4,LATVLSPR,6600000.0,825000.0
5,LATVLSPR,6600000.0,825000.0
6,GSGGGSSGGSLGGR,24800.0,1771.4285714285713
7,GNEQFLNAAK,111000.0,11100.0
8,SLVNLGGSK,79900.0,8877.777777777777
9,VATVSLPR,14800000.0,1850000.0
10,SLSLSVAR,40000.0,5000.0
11,SCL,105000.0,35000.0
12,VVTLVSPR,6450000.0,806250.0
13,VVTVSLPR,6450000.0,806250.0
14,VVTVSLPR,6450000.0,806250.0
15,VFLSSLTK,0.0,0.0
16,VFLSSLTK,0.0,0.0
17,YLYELAR,19300.0,2757.1428571428573
18,LGEHNLDVL,315000.0,35000.0
19,GLGLTAHLTTGQAG,11900.0,850.0
20,TVTVSPLR,29400.0,3675.0
21,QFLANAK,18600.0,2657.1428571428573
22,LVNELTEFAK,33200.0,3320.0
23,SPATLNSR,86100.0,10762.5
24,TAHLVLR,1060.0,151.42857142857142
25,KAVLHEK,2220000.0,317142.85714285716
26,KAVLHEK,2220000.0,317142.85714285716
27,QGLR,7030.0,1757.5
28,GDLVPGTGTVK,0.0,0.0
29,RPVSLPR,2220000.0,317142.85714285716
30,WLQQTLAAN,14400.0,1600.0
31,LGEHNLDVLE,61700.0,6170.0
32,LPLAGSAFKK,7260.0,726.0
33,LPLAGSAFKK,7260.0,726.0
34,FVPAPLLGK,431.0,47.888888888888886
35,VGPVTVPR,2220000.0,277500.0
36,CAGQLASK,111000.0,13875.0
37,MVLNAGLYK,1970.0,218.88888888888889
38,QVDFTNAFAQGTLSELVYL,1980.0,104.21052631578948
39,SLAVRGAPALGVAGA,0.0,0.0
40,SSPATLNSR,52100.0,5788.888888888889
41,LGEHNLD,315000.0,45000.0
42,MHGGKHVAGK,0.0,0.0
43,APVPLSVLC,34700.0,3855.5555555555557
44,GALLVLTFDGK,1400.0,127.27272727272727
45,KNSMEALK,62800.0,7850.0
46,VVPETAPLLVR,5200.0,472.72727272727275
47,PLVLMLQLK,4480.0,497.77777777777777
48,RLALTAVHNK,9960.0,996.0
