,stripped_IL,Area,NAAF_num.
0,LSSPATLNSR,5110000.0,511000.0
1,LATVLSPR,6200000.0,775000.0
2,LATVLSPR,6200000.0,775000.0
3,YLYELAR,17700.0,2528.5714285714284
4,YLYELAR,17700.0,2528.5714285714284
5,VLPLLYK,10000.0,1428.5714285714287
6,VLPLLYK,10000.0,1428.5714285714287
7,VLPLLYK,10000.0,1428.5714285714287
8,VATVSLPR,12700000.0,1587500.0
9,SLVNLGGSK,43200.0,4800.0
10,SLSLSVAR,26500.0,3312.5
11,VVTLVSPR,10800000.0,1350000.0
12,VAEVSLPR,93800.0,11725.0
13,LSSPATTSGPR,149000.0,13545.454545454546
14,LGEHNLDVL,363000.0,40333.333333333336
15,VVTVSLPR,8490000.0,1061250.0
16,VVTVSLPR,8490000.0,1061250.0
17,NNMTQK,7300.0,1216.6666666666667
18,LHLVAHLGNGHQ,3.98,0.33166666666666667
19,HSYLHSHPQKVRAL,0.0,0.0
20,RPVSLPR,1900000.0,271428.5714285714
21,LVALAQRHRRYGVGMLYLK,3090.0,162.6315789473684
22,SCLLSGWGNTK,19400.0,1763.6363636363637
23,ARFVRELVQALR,0.0,0.0
24,MTVTEFEKALK,18700.0,1700.0
25,RGELPPLTEER,9110.0,828.1818181818181
26,ATPRLVR,641.0,91.57142857142857
27,ATPRLVR,641.0,91.57142857142857
28,GALLAATTLEAAGDSK,27700.0,1731.25
29,RLPQLLKMLAEN,10100.0,841.6666666666666
30,ALHKGVLYL,0.0,0.0
31,LGFLVAEGVR,5550.0,555.0
32,GQTLSGVALK,60300.0,6030.0
33,GFEVSLRPAR,9930.0,993.0
34,LPHPTDNSSVLTNLQQLEK,2870.0,151.05263157894737
35,LSALRQAAR,557.0,61.888888888888886
36,LPPKYVR,93400.0,13342.857142857143
37,GALLVLTFDGK,92700.0,8427.272727272728
38,LVNELTEFAK,5390.0,539.0
39,GTGPLRQPPLK,21500.0,1954.5454545454545
40,ALLLLNLYK,0.0,0.0
41,LTDLRPLQLK,324.0,32.4
42,ELRALHGLVR,13900.0,1390.0
43,EVFEQVLDPLKLNK,257.0,18.357142857142858
44,ATLFPFWLSSK,159.0,14.454545454545455
45,GGSKTQKKYVK,0.0,0.0
46,QPEVVAELESQASTPVGNTTAQFR,0.0,0.0
47,LPLAAFTG,12400.0,1550.0
