,stripped_peptide,Area,NAAF_num.
0,LSSPATLNSR,5110000.0,511000.0
1,LSSPATLNSR,5110000.0,511000.0
2,LSSPATLNSR,5110000.0,511000.0
3,YLYELAR,17700.0,2528.5714285714284
4,VATVSPLR,12700000.0,1587500.0
5,VATVSPLR,12700000.0,1587500.0
6,VATVSPLR,12700000.0,1587500.0
7,VAEVSLPR,72500.0,9062.5
8,VVTVSLPR,8490000.0,1061250.0
9,VVTVLSPR,8490000.0,1061250.0
10,VVTVLSPR,8490000.0,1061250.0
11,LATVLSPR,6200000.0,775000.0
12,VAEVSLPR,21200.0,2650.0
13,LSSLSVAR,26500.0,3312.5
14,LATVLSPR,6200000.0,775000.0
15,LATVLSPR,6200000.0,775000.0
16,VVTVLSPR,2290000.0,286250.0
17,MVLNAAVYK,363000.0,40333.333333333336
18,MVLDAAPHR,363000.0,40333.333333333336
19,TVVNLGSGK,43200.0,4800.0
20,VPGVSLPR,1900000.0,237500.0
21,VPGVSLPR,1900000.0,237500.0
22,LSVNLGGSK,43200.0,4800.0
23,NQYLSWVVEVK,16100.0,1463.6363636363637
24,LSSPATTPGSR,149000.0,13545.454545454546
25,NRVSGWGNTR,27800.0,2780.0
26,HMMPHLYVPR,33500.0,3350.0
27,VGPVSLPR,1900000.0,237500.0
28,RQPMHLTEER,167000.0,16700.0
29,VPWLPR,22900.0,3816.6666666666665
30,RQPMHLTEER,21600.0,2160.0
31,QRPMHLTEER,44500.0,4450.0
32,HMEVHLYVPR,21600.0,2160.0
33,NNMTQK,7300.0,1216.6666666666667
34,KYLSWWEER,922.0,102.44444444444444
35,MHLMHLYVPR,212.0,21.2
36,RDMARR,26000.0,4333.333333333333
37,YWYHLFLVR,44200.0,4911.111111111111
38,MHLMHLYVPR,3.98,0.398
39,WYYHLYVPR,9770.0,1085.5555555555557
40,CFWKK,19600.0,3920.0
41,NNHMHLYVPR,24600.0,2460.0
42,EHFVHLTATNK,222000.0,20181.81818181818
43,MAPLVGK,54300.0,7757.142857142857
44,WYYHLTANTK,3910.0,391.0
45,MHLMHLTASKK,1820.0,165.45454545454547
