,stripped_IL,Area,NAAF_num.
0,LSSPATLNSR,3940000.0,394000.0
1,EGNEQFLNAAK,54100.0,4918.181818181818
2,LATVLSPR,1700000.0,212500.0
3,LATVLSPR,1700000.0,212500.0
4,YYTLEELQK,29600.0,3288.8888888888887
5,LVTDLTK,6280.0,897.1428571428571
6,LVTDLTK,6280.0,897.1428571428571
7,LVTDLTK,6280.0,897.1428571428571
8,LVTDLTK,6280.0,897.1428571428571
9,SLVNLGGSK,27800.0,3088.8888888888887
10,GNEQFLNAAK,15900.0,1590.0
11,LSSPATLNSR,39500.0,3950.0
12,VATVSLPR,4280000.0,535000.0
13,LVNELTEFAK,49100.0,4910.0
14,YLYELAR,22200.0,3171.4285714285716
15,SLSLSLGR,18900.0,2362.5
16,SLSLSLGR,18900.0,2362.5
17,SLSLSLGR,18900.0,2362.5
18,VVTLVSPR,1870000.0,233750.0
19,LLATYGSKRTK,5140.0,467.27272727272725
20,VVVTLSPR,1870000.0,233750.0
21,RPVSLPR,1590000.0,227142.85714285713
22,HLVDEPQNLLK,12400.0,1127.2727272727273
23,TCEK,11200.0,2800.0
24,LFMDLVNFLK,0.0,0.0
25,DKVLYYPLVK,255000.0,25500.0
26,ALPQPLFVQ,0.0,0.0
27,GLGLTAHLTTGQAG,332000.0,23714.285714285714
28,EFHPGLRA,1870.0,233.75
29,NQHLESVQK,1580.0,175.55555555555554
30,SGLLAATALAAALAR,80700.0,5380.0
31,AKVGFRNKR,34000.0,3777.777777777778
32,HSYLHSHPQKVRAL,43800.0,3128.5714285714284
33,VYEAAVFK,2010.0,251.25
34,VAAKQPPER,2560.0,284.44444444444446
35,YKVLVVDEPRVLSR,0.0,0.0
36,ATSVLFPVLYK,0.0,0.0
37,QLGMLTAVSK,0.0,0.0
38,AQLGLFLLLHR,2350.0,213.63636363636363
39,LALHTKSK,1520.0,190.0
