,stripped_peptide,Area,NAAF_num.
0,LVTDLTK,6280.0,897.1428571428571
1,LSSPATLNSR,3940000.0,394000.0
2,LSSPATLNSR,3940000.0,394000.0
3,VATVSPLR,4280000.0,535000.0
4,VATVSPLR,4280000.0,535000.0
5,VATVSPLR,4280000.0,535000.0
6,LATVLSPR,1700000.0,212500.0
7,VVTVLSPR,1870000.0,233750.0
8,VVTVLSPR,1870000.0,233750.0
9,HYQFLNAAK,15900.0,1766.6666666666667
10,LATVLSPR,1700000.0,212500.0
11,YHQQFLNAAK,54100.0,5410.0
12,SLSLSGLR,18900.0,2362.5
13,SLVNLGGSK,27800.0,3088.8888888888887
14,YLYEALR,22200.0,3171.4285714285716
15,LSSPATLNSR,3940000.0,394000.0
16,MVLNAFWK,101000.0,12625.0
17,VGPVSLPR,1590000.0,198750.0
18,VVTVLSPR,1870000.0,233750.0
19,HMFPHLYVPR,13.1,1.31
20,DMLQYK,111000.0,18500.0
21,HMFPHLYVPR,4410.0,441.0
22,YYTLEELQK,29600.0,3288.8888888888887
23,VPGVSLPR,1590000.0,198750.0
24,EMHPRLK,955.0,136.42857142857142
25,EFHPGLAR,1870.0,233.75
26,MHLMHLYVPR,1890.0,189.0
27,MHLMHLYVPR,560000.0,56000.0
28,MHFPHLYVPR,324.0,32.4
29,MHLMHLYVPR,10100.0,1010.0
30,HFPMHLYVPR,6940.0,694.0
31,MHFPHLYVPR,3830.0,383.0
32,RKPMHLNFPR,12000.0,1200.0
33,MHMLHLYVPR,88100.0,8810.0
34,MHMLHLYVPR,208000.0,20800.0
35,MHMLHLYVPR,41300.0,4130.0
36,LVNELMVSMK,49100.0,4910.0
37,MHLMHLYVPR,,
38,MHLMHLYVPR,10000.0,1000.0
39,MHLMHLYVPR,27300.0,2730.0
40,MHLMHLYVPR,149000.0,14900.0
41,MHLMHLYVPR,143000.0,14300.0
42,HFPMHLYVPR,7050.0,705.0
43,MHMLHLYVPR,151000.0,15100.0
44,MHLMHLYVPR,10800.0,1080.0
45,MHLMHLYVPR,50100.0,5010.0
46,HFPMHLYVPR,224000.0,22400.0
47,MHLMHLYVPR,2500.0,250.0
48,MHLMHLYSHK,382.0,38.2
49,MHLMHLYVPR,1140.0,114.0
50,MHLMHLYVPR,1400000.0,140000.0
51,SMVFVKNK,12100.0,1512.5
52,TVSPATEVNK,39500.0,3950.0
53,KAKLASPR,1870000.0,233750.0
54,MHMPHLYVPR,28900.0,2890.0
55,MHLMHLYVPR,19800.0,1980.0
56,MHLMHLYVPR,1110.0,111.0
57,RKPMHLFDPR,29700.0,2970.0
58,MHLMHLYVPR,33100.0,3310.0
59,QQQQHLTEER,9830.0,983.0
60,LLLTSAR,11300.0,1614.2857142857142
61,RKPMHLTEER,,
62,MHFPHLYVPR,20200.0,2020.0
63,SHYENQRLKKKNK,,
64,MHLMHLYPVR,9110.0,911.0
65,AELSPATVHGR,11100.0,1009.0909090909091
66,MHLMHLTSKAK,2250.0,204.54545454545453
67,MHLMHLYSHK,6890.0,689.0
