,stripped_peptide,Area,NAAF_num.
0,LSSPATLNSR,5700000.0,570000.0
1,LSSPATLNSR,5700000.0,570000.0
2,LSSLSVAR,15000.0,1875.0
3,VATVSPLR,7280000.0,910000.0
4,VATVSPLR,7280000.0,910000.0
5,VVTVLSPR,3750000.0,468750.0
6,VVTVLSPR,3750000.0,468750.0
7,VAQVSLPR,35300.0,4412.5
8,LATVLSPR,2930000.0,366250.0
9,VATVSPLR,7280000.0,910000.0
10,VVTVLSPR,3750000.0,468750.0
11,LATVLSPR,2930000.0,366250.0
12,NWQMLNAAK,27900.0,3100.0
13,MVLNAAVYK,105000.0,11666.666666666666
14,DMLGAYK,135000.0,19285.714285714286
15,YLYEALR,20300.0,2900.0
16,VPGVSLPR,1050000.0,131250.0
17,VGPVSLPR,1050000.0,131250.0
18,LNSPATRADK,53700.0,5370.0
19,SLVNLSNK,24500.0,3062.5
20,SCSYDK,11300.0,1883.3333333333333
21,RKPMHLFDPR,27000.0,2700.0
22,YKATLLVNK,,
23,HSYENKKARLRDR,103000.0,7923.076923076923
24,HVGMPHK,4160.0,594.2857142857143
25,MPLVGK,79600.0,13266.666666666666
26,QPAESHLFDPR,,
27,YGPVKNR,22200.0,3171.4285714285716
28,CDYNATK,24600.0,3514.285714285714
