,stripped_IL,Area,NAAF_num.
0,LSSPATLNSR,5700000.0,570000.0
1,LATVLSPR,2930000.0,366250.0
2,LATVLSPR,2930000.0,366250.0
3,YLYELAR,20300.0,2900.0
4,YLYELAR,20300.0,2900.0
5,VATVSLPR,7280000.0,910000.0
6,SLVNLGGSK,24500.0,2722.222222222222
7,GSGGGSSGGSLGGR,13200.0,942.8571428571429
8,SLSLSVAR,15000.0,1875.0
9,VVTLVSPR,3750000.0,468750.0
10,VAEVSLPR,35300.0,4412.5
11,VLPLLYK,27800.0,3971.4285714285716
12,SPPRPPR,3920.0,560.0
13,LLLPFNR,908.0,129.71428571428572
14,LLLPFNR,908.0,129.71428571428572
15,LLLPFNR,908.0,129.71428571428572
16,VGKPVVAYK,3680.0,408.8888888888889
17,LGEHNLDVL,105000.0,11666.666666666666
18,GNEQFLNAAK,27900.0,2790.0
19,CMK,5120.0,1706.6666666666667
20,MSLNSLHSLFF,53000.0,4818.181818181818
21,GYPVKNR,22200.0,3171.4285714285716
22,NKYSATK,3020.0,431.42857142857144
23,HDVMTAVK,1610.0,201.25
24,RPVSLPR,1050000.0,150000.0
25,GGQRARPLLQR,8820.0,801.8181818181819
26,KVGRPYLDK,7050.0,783.3333333333334
27,NPFLALLR,110000.0,13750.0
28,LTLSGGSFTATNK,24100.0,1853.8461538461538
29,TASRPLVR,12600.0,1575.0
30,AANSKLNVK,1170.0,130.0
31,LDALAAWADK,53700.0,5370.0
32,TRHFTK,384.0,64.0
33,TGAFVVLQQR,0.0,0.0
34,ARQLVVPKPK,9630.0,963.0
35,SDGLTKDVATTMLEGLSKSK,0.0,0.0
