,stripped_IL,Area,NAAF_num.
0,LSSPATLNSR,10700000.0,1070000.0
1,LSSPATLNSR,127000.0,12700.0
2,LATVLSPR,7180000.0,897500.0
3,LATVLSPR,7180000.0,897500.0
4,SLVNLGGSK,87600.0,9733.333333333334
5,VATVSLPR,15600000.0,1950000.0
6,LVNELTEFAK,5810.0,581.0
7,SLSLSVAR,56000.0,7000.0
8,YLYELAR,18300.0,2614.285714285714
9,LGEHNLDVLEGN,36300.0,3025.0
10,VVTLVSPR,11000000.0,1375000.0
11,LGEHNLDVL,207000.0,23000.0
12,VFLSSLTK,4280.0,535.0
13,VFLSSLTK,4280.0,535.0
14,VVTVSLPR,11000000.0,1375000.0
15,VVTVSLPR,11000000.0,1375000.0
16,RQQVHLETER,248000.0,24800.0
17,SCL,61100.0,20366.666666666668
18,GTLAGALRFAK,3550.0,322.72727272727275
19,LTLSGGSFTATNK,72000.0,5538.461538461538
20,AASASELAKERDRLR,295000.0,19666.666666666668
21,LVLPHLKTAK,0.0,0.0
22,HSYLHSHPQKVRAL,31500.0,2250.0
23,TVALEHAMR,35400.0,3933.3333333333335
24,LVLLAQAFAK,1670.0,167.0
25,LPAVPPLPLCR,4140.0,376.3636363636364
26,RPVSLPR,2290000.0,327142.85714285716
27,FLATLPLGR,0.0,0.0
28,SPATLNSR,53700.0,6712.5
29,ESVLKKVR,995.0,124.375
30,LLQAAADAR,1120.0,124.44444444444444
31,LHGLQQAKSMLK,1990.0,165.83333333333334
32,QFREGFAPESK,3040.0,276.3636363636364
33,LAPTLGKYK,224.0,24.88888888888889
34,KRAGGMGLLSGR,769.0,64.08333333333333
35,GGATKKLGKV,1470.0,147.0
36,SSPATLNSR,86100.0,9566.666666666666
37,YVGLVTVPASLF,89800.0,7483.333333333333
38,TGVLPVSVR,2630.0,292.22222222222223
39,HTLPLLANVLLR,1050.0,87.5
40,TLAPLTALR,3230.0,358.8888888888889
41,GLAEQDQLAQESQGVLADR,0.0,0.0
42,SSGSSYPSLLQC,38700.0,3225.0
43,LGEHNLDVLE,46600.0,4660.0
44,DLQYDAWGGK,0.0,0.0
45,GDLVDKVSK,772.0,85.77777777777777
46,LEGTAVPDGKK,1780.0,161.8181818181818
