,stripped_peptide,Area,NAAF_num.
0,LSSPATLNSR,10700000.0,1070000.0
1,LSSPATLNSR,10700000.0,1070000.0
2,LSSPATLNSR,10700000.0,1070000.0
3,LSSPATLNSR,10700000.0,1070000.0
4,VATVSPLR,15600000.0,1950000.0
5,VVTVSLPR,11000000.0,1375000.0
6,SSPATLNDK,86100.0,9566.666666666666
7,VATVSPLR,15600000.0,1950000.0
8,VVTVLSPR,11000000.0,1375000.0
9,LATVLSPR,7180000.0,897500.0
10,VVTVLSPR,11000000.0,1375000.0
11,VATVSPLR,15600000.0,1950000.0
12,VVTVLSPR,11000000.0,1375000.0
13,LATVLSPR,7180000.0,897500.0
14,VVTVLSPR,11000000.0,1375000.0
15,VATVSPLR,15600000.0,1950000.0
16,LSSPATLDSR,127000.0,12700.0
17,LSSLSVAR,56000.0,7000.0
18,LATVLSPR,7180000.0,897500.0
19,VTVNLGGSK,87600.0,9733.333333333334
20,SPATLNSR,53700.0,6712.5
21,MVDLAAVYK,117000.0,13000.0
22,SPATLNSR,53700.0,6712.5
23,SSPATLNDK,86100.0,9566.666666666666
24,VMK,250000.0,83333.33333333333
25,VATCFK,31500.0,5250.0
26,HMFPHLYVPR,1020.0,102.0
27,MVLNAAYVK,89700.0,9966.666666666666
28,VPGVSLPR,2290000.0,286250.0
29,VPGVSLPR,2290000.0,286250.0
30,SLVNLGGSK,87600.0,9733.333333333334
31,YLYGKQR,18300.0,2614.285714285714
32,VGPVSLPR,2290000.0,286250.0
33,LVNELYTSPK,5810.0,581.0
34,DMLGYAK,250000.0,35714.28571428572
35,SSPATVNEK,86100.0,9566.666666666666
36,ARMEKMCNLSGDAGAATK,77800.0,4322.222222222223
37,CPATK,61100.0,12220.0
38,DMLGYAK,250000.0,35714.28571428572
39,DMLGYAK,250000.0,35714.28571428572
40,FLVNLDFNR,3050.0,338.8888888888889
41,AMPLVGK,126000.0,18000.0
42,TLAMRVHR,44400.0,5550.0
43,HMLMHLYVPR,7980.0,798.0
44,MLVDLGPSYK,43500.0,4350.0
45,QNRRPK,4460.0,743.3333333333334
46,MHLMHLYVPR,5080.0,508.0
47,QAPDTHLYVPR,2530.0,230.0
48,HFPMHLYVPR,27900.0,2790.0
49,GNPDEHLYVPR,56.1,5.1000000000000005
50,MHLMHLYVPR,287.0,28.7
51,FHPMHLYVPR,,
52,HLVMKPYR,27600.0,3450.0
53,RKPMHLDFPR,6180.0,618.0
54,RQPMHLTATNK,1170.0,106.36363636363636
55,MHLMHLYVPR,7430.0,743.0
56,WYYHLTANTK,368.0,36.8
57,RYLWAR,59800.0,9966.666666666666
58,WYYHLTAKSK,2640.0,264.0
59,WYYHLTAQSK,3040.0,304.0
60,RQPMHLTEER,,
61,RKPMHLFDPR,49400.0,4940.0
62,WYYHLTAKSK,7000.0,700.0
63,MHLMHLTAQSK,51200.0,4654.545454545455
64,YWYHLTATNK,6790.0,679.0
65,MHLMHLTAQSK,78400.0,7127.272727272727
