,stripped_peptide,Area,NAAF_num.
0,LSSPATLNSR,10800000.0,1080000.0
1,LSSPATLNSR,10800000.0,1080000.0
2,LSSPATLNSR,10800000.0,1080000.0
3,LATVLSPR,9410000.0,1176250.0
4,VATVSPLR,18900000.0,2362500.0
5,VATVSPLR,18900000.0,2362500.0
6,VVTVLSPR,13800000.0,1725000.0
7,LSSLSVAR,68600.0,8575.0
8,VATVSPLR,18900000.0,2362500.0
9,VVTVLSPR,13800000.0,1725000.0
10,VVTVLSPR,13800000.0,1725000.0
11,LATVLSPR,9410000.0,1176250.0
12,VVTVLSPR,13800000.0,1725000.0
13,MVLDAWFK,246000.0,30750.0
14,LATVLSPR,9410000.0,1176250.0
15,SLVNLGGSK,118000.0,13111.111111111111
16,GSGGGSSGGSLGGR,40900.0,2921.4285714285716
17,SSPATLNDK,41900.0,4655.555555555556
18,WYVAATATYTK,51700.0,4700.0
19,VTVNLGGSK,118000.0,13111.111111111111
20,MVLNAAVYK,246000.0,27333.333333333332
21,YLYELAR,16200.0,2314.285714285714
22,VAQVSLPR,12800.0,1600.0
23,LVNELTEFAK,26200.0,2620.0
24,VGPVSLPR,2870000.0,358750.0
25,DMLQYK,,
26,NSGGSSGSGLNR,19100.0,1591.6666666666667
27,VGPVSLPR,2870000.0,358750.0
28,VPGVSLPR,2870000.0,358750.0
29,FFEEEYK,12700.0,1814.2857142857142
30,HMMPHLYVPR,8.02,0.8019999999999999
31,AHCQRQK,9220.0,1317.142857142857
32,SMVFKVNK,17500.0,2187.5
33,CKNARR,37500.0,6250.0
34,NNMTQK,8930.0,1488.3333333333333
35,MHLMHLCKVK,2590.0,259.0
36,VPWLPR,14800.0,2466.6666666666665
37,SPATRDAK,32800.0,4100.0
38,RKPMHLTEER,2170.0,217.0
39,MHLMHLYVPR,51500.0,5150.0
40,EYNMKK,4810.0,801.6666666666666
41,RKPMHLFDPR,57700.0,5770.0
42,AMPLVGK,101000.0,14428.57142857143
43,MHLMHLTEER,5050.0,505.0
44,FVKKMVPR,59000.0,7375.0
45,VVENSAAR,7370.0,921.25
46,MHPMHLYVPR,14500.0,1450.0
47,RPLLLKK,62000.0,8857.142857142857
48,RYRLRLDPDK,10400.0,1040.0
49,WYYHLTASKK,1860.0,186.0
50,WYYHLYVPR,17800.0,1977.7777777777778
51,KKTPKLMYR,29700.0,3300.0
52,YWYHLTANTK,4880.0,488.0
53,RLRWMTPR,18800.0,2350.0
54,HVGSYAK,4040.0,577.1428571428571
55,NPRLLKLAHK,25300.0,2530.0
56,VYKMSFLR,91000.0,11375.0
57,RKPMHLTEER,4430.0,443.0
58,YYWHLTASQK,21.5,2.15
59,HLLLSAR,10300.0,1471.4285714285713
60,QRPMHLTEER,234.0,23.4
61,RATKSPPR,11300.0,1412.5
62,DNRKPNGVK,9410.0,1045.5555555555557
