,stripped_IL,Area,NAAF_num.
0,GSGGGSSGGSLGGR,60100.0,4292.857142857143
1,LSSPATLNSR,10800000.0,1080000.0
2,LVNELTEFAK,26200.0,2620.0
3,LATVLSPR,9410000.0,1176250.0
4,LATVLSPR,9410000.0,1176250.0
5,SLVNLGGSK,118000.0,13111.111111111111
6,KLAHTTTK,350000.0,43750.0
7,VATVSLPR,18900000.0,2362500.0
8,SLSLSVAR,68600.0,8575.0
9,YLYELAR,16200.0,2314.285714285714
10,YLYELAR,16200.0,2314.285714285714
11,LGEHNLDVL,246000.0,27333.333333333332
12,VVTLVSPR,13800000.0,1725000.0
13,NNMTQK,8930.0,1488.3333333333333
14,MVLDLSGFK,246000.0,27333.333333333332
15,LLHLRLSGSGGR,220000.0,18333.333333333332
16,NPPVGFLGK,17600.0,1955.5555555555557
17,LPNTLLAAGGSYK,454.0,34.92307692307692
18,VAEVSLPR,12800.0,1600.0
19,LPRDHAR,24600.0,3514.285714285714
20,LPRDHAR,24600.0,3514.285714285714
21,RPVSLPR,2870000.0,410000.0
22,LNDKPVKK,1110.0,138.75
23,AGKREHK,24000.0,3428.5714285714284
24,NLLALMKSK,4480.0,497.77777777777777
25,HLLNPYAK,30400.0,3800.0
26,GLGLTAHLTTGQAG,5650.0,403.57142857142856
27,LLLAPFKSK,5920.0,657.7777777777778
28,DLNYAEDAVLLSSFEK,28300.0,1768.75
29,LRAATEPLR,7940.0,882.2222222222222
30,RATAGALPR,11300.0,1255.5555555555557
31,GGERPAPSR,449.0,49.888888888888886
32,LPPDVDR,948.0,135.42857142857142
33,LPPDVDR,948.0,135.42857142857142
34,RPLLFLR,2420.0,345.7142857142857
35,MAALALLLQK,7290.0,729.0
36,VVENTGAR,7370.0,921.25
37,SSPATLNSR,41900.0,4655.555555555556
38,AMRGFK,0.0,0.0
39,TCRTDVVLLDNVLFPVKK,0.0,0.0
40,LTSNATRPL,6200.0,688.8888888888889
41,GALLVLTFDGK,353.0,32.09090909090909
42,LAGTTGPLSGK,80800.0,7345.454545454545
43,GVCLK,3040.0,608.0
44,QVANGVPVR,25500.0,2833.3333333333335
45,QVRSVPVKTQPLALTELK,1700.0,94.44444444444444
