,stripped_IL,Area,NAAF_num.
0,VLEGNEQFLNAAK,135000.0,10384.615384615385
1,LSSPATLNSR,14800000.0,1480000.0
2,LSSPATLNSR,154000.0,15400.0
3,LATVLSPR,9020000.0,1127500.0
4,LATVLSPR,9020000.0,1127500.0
5,SCL,100000.0,33333.333333333336
6,APVLSDSSCK,20600.0,2060.0
7,VATVSLPR,17600000.0,2200000.0
8,LGEHNLDVL,158000.0,17555.555555555555
9,KPVNGMPSAAMPLTVGMMLSLK,1140.0,51.81818181818182
10,LVNELTEFAK,13800.0,1380.0
11,LKQTLLYPK,893.0,99.22222222222223
12,GLGLTAHLTTGQAG,96300.0,6878.571428571428
13,SLSLSVAR,47700.0,5962.5
14,VVTLVSPR,14800000.0,1850000.0
15,VVTVSLPR,14800000.0,1850000.0
16,VVTVSLPR,14800000.0,1850000.0
17,MVLDLSGFK,260000.0,28888.88888888889
18,LPPKYVR,15300.0,2185.714285714286
19,KVVHVAFK,0.0,0.0
20,MTNASQK,39300.0,5614.285714285715
21,LGEHNLDVLEGN,44100.0,3675.0
22,AHLLAAFK,1380.0,172.5
23,NGGMTQK,2570.0,367.14285714285717
24,TFFGDYR,0.0,0.0
25,RGELPPLTEER,15700.0,1427.2727272727273
26,MTVWKLLSK,0.0,0.0
27,DLLLLTLK,0.0,0.0
28,DLLLLTLK,0.0,0.0
29,DLLLLTLK,0.0,0.0
30,RFVAGTR,5150.0,735.7142857142857
31,SSPATLNSR,48600.0,5400.0
32,VRRPPHRT,3580.0,447.5
33,GYPVKNR,4020.0,574.2857142857143
34,LPTVKLYADGGHVFR,813.0,54.2
35,RPVSLPR,2660000.0,380000.0
36,FKLPVSTVK,928.0,103.11111111111111
37,LSGVSSNAR,243000.0,27000.0
38,QNRPRK,2340.0,390.0
39,EYGGMKK,11400.0,1628.5714285714287
40,LGNLFVVLK,2560.0,284.44444444444446
41,VEGLLTKNGGKLTK,0.0,0.0
42,LAAFKEK,764.0,109.14285714285714
43,LAAFKEK,764.0,109.14285714285714
44,AALKTAFKK,3080.0,342.22222222222223
45,KGLVPFELYK,14700.0,1470.0
46,KGVPFSK,6900.0,985.7142857142857
47,MLVDLGALYQ,20400.0,2040.0
48,HVVGQAKAK,0.0,0.0
49,SPATLNSR,37600.0,4700.0
50,SSPAQVDTK,48600.0,5400.0
51,LGEHNLDVLE,74700.0,7470.0
52,KLTLHATK,574.0,71.75
53,NHLQLFSK,0.0,0.0
54,AELVATLER,19100.0,2122.222222222222
55,LSVWLVVR,905.0,113.125
56,LLATLALYTDK,0.0,0.0
57,DSGTGFPEALLKRAFEPYVTTK,504.0,22.90909090909091
58,LGEHNLD,307000.0,43857.142857142855
59,LPGNLLVVK,486.0,54.0
60,KGSHGSQVLFASTVNK,295.0,18.4375
61,VLFPVLAR,4180.0,522.5
62,AHAEALGLTTGKQ,4180.0,321.53846153846155
63,QLLVNHGK,0.0,0.0
64,TLTTLEALR,501.0,55.666666666666664
65,DMLQYK,307000.0,51166.666666666664
66,DMLQYK,307000.0,51166.666666666664
67,HLVVSKSK,6460.0,807.5
68,NPEVLKHLR,139000.0,15444.444444444445
