,stripped_peptide,Area,NAAF_num.
0,LSSPATLNSR,14800000.0,1480000.0
1,LSSPATLNSR,14800000.0,1480000.0
2,LSSPATLNSR,14800000.0,1480000.0
3,LSSPATLDSR,154000.0,15400.0
4,LSSPATLNSR,14800000.0,1480000.0
5,VVTVSLPR,14800000.0,1850000.0
6,VATVSPLR,17600000.0,2200000.0
7,VATVSPLR,17600000.0,2200000.0
8,VVTVLSPR,14800000.0,1850000.0
9,LATVLSPR,9020000.0,1127500.0
10,VVTVLSPR,14800000.0,1850000.0
11,LATVLSPR,9020000.0,1127500.0
12,VATVSPLR,17600000.0,2200000.0
13,VVTVLSPR,14800000.0,1850000.0
14,VLQGNEQFLNAAK,135000.0,10384.615384615385
15,QEFLNAAK,80500.0,10062.5
16,LATVLSPR,9020000.0,1127500.0
17,LSSLSVAR,47700.0,5962.5
18,DMLQYK,307000.0,51166.666666666664
19,MVLDAWFK,260000.0,32500.0
20,SSPATLNDK,48600.0,5400.0
21,MVLDAAVYK,158000.0,17555.555555555555
22,LSGWSGKR,243000.0,30375.0
23,SPATLNSR,37600.0,4700.0
24,RNVSGHGYTR,5520.0,552.0
25,VPGVSLPR,2660000.0,332500.0
26,MMLK,74700.0,18675.0
27,VGPVSLPR,2660000.0,332500.0
28,HMFPHLYVPR,5120.0,512.0
29,DMLGFSK,307000.0,43857.142857142855
30,EMVNLAAVYK,20400.0,2040.0
31,MHMLHLYVPR,32700.0,3270.0
32,VPGVVTPR,2660000.0,332500.0
33,MHFPHLYVPR,10300.0,1030.0
34,MHMPHLYVPR,28800.0,2880.0
35,DMLGFSK,307000.0,43857.142857142855
36,EYNMKK,11400.0,1900.0
37,MHLMHLYVPR,7420.0,742.0
38,SSPATSGPTK,48600.0,4860.0
39,MHFPHLYVPR,10800.0,1080.0
40,APVLDSCSSK,20600.0,2060.0
41,HMFPHLYVPR,1670.0,167.0
42,RKWVCYR,41600.0,5942.857142857143
43,NCSK,16100.0,4025.0
44,MHLMHLYVPR,3480.0,348.0
45,HMMPHLYVPR,2500.0,250.0
46,HMYNK,17400.0,3480.0
47,MHFPHLYVPR,3880.0,388.0
48,HFPMHLYVPR,25100.0,2510.0
49,HMLMHLTTGKK,11700.0,1063.6363636363637
50,MHLMHLYVPR,6370.0,637.0
51,MHFPHLYVPR,23800.0,2380.0
52,LVNELVMAMK,13800.0,1380.0
53,YSMMHLYVPR,31100.0,3110.0
54,MHLMHLYVPR,14500.0,1450.0
55,CKNARR,20700.0,3450.0
56,RQPMHLTEER,,
57,MHMPHLYVPR,56.3,5.63
58,MCGDDAAATK,100000.0,10000.0
59,NNMTQK,2570.0,428.3333333333333
60,MHMPHLYVPR,40800.0,4080.0
61,MHPMHLYVPR,4060.0,406.0
62,WMVNK,808.0,161.6
63,WYYHLYVPR,74.0,8.222222222222221
64,NSRKLR,31100.0,5183.333333333333
65,LKTCLK,4900.0,816.6666666666666
66,AVTVSLPR,,
67,KVVHLGFK,,
68,TMQTQK,1810.0,301.6666666666667
69,FKKPMR,5150.0,858.3333333333334
70,CK,121000.0,60500.0
71,ATQMVDLCMLK,44100.0,4009.090909090909
72,EECK,18500.0,4625.0
73,RKPMHLFDPR,41600.0,4160.0
74,TATNSSDVELK,39600.0,3600.0
