,stripped_IL,Area,NAAF_num.
0,GSGGGSSGGSLGGR,9040.0,645.7142857142857
1,LSSPATLNSR,9880000.0,988000.0
2,LVNELTEFAK,42500.0,4250.0
3,SCL,81100.0,27033.333333333332
4,LATVLSPR,6470000.0,808750.0
5,LATVLSPR,6470000.0,808750.0
6,KVPQVSTPTLVEVSR,4340.0,289.3333333333333
7,GNEQFLNAAK,66000.0,6600.0
8,VATVSLPR,17100000.0,2137500.0
9,SLVNLGGSK,36700.0,4077.777777777778
10,VVTLVSPR,6810000.0,851250.0
11,LNLLFVDGK,7560.0,840.0
12,LYDQMLKMTLLGALAR,0.0,0.0
13,VVTVSLPR,6810000.0,851250.0
14,VVTVSLPR,6810000.0,851250.0
15,LVESLTK,17300.0,2471.4285714285716
16,LVESLTK,17300.0,2471.4285714285716
17,LVESLTK,17300.0,2471.4285714285716
18,LVESLTK,17300.0,2471.4285714285716
19,DLLQKLGR,21200.0,2650.0
20,DLLQKLGR,21200.0,2650.0
21,DLLQKLGR,21200.0,2650.0
22,LVFVRKR,159000.0,22714.285714285714
23,SPATLNSR,35300.0,4412.5
24,LGEHNLDVL,135000.0,15000.0
25,LLLHKTKT,1090000.0,136250.0
26,NNMTQK,9930.0,1655.0
27,KTTKALKK,82800.0,10350.0
28,HLVVSKSK,1740.0,217.5
29,LWRLVPK,8970.0,1281.4285714285713
30,LWRLVPK,8970.0,1281.4285714285713
31,ATEEQLK,10700.0,1528.5714285714287
32,EHLFGR,7400.0,1233.3333333333333
33,EHLFGR,7400.0,1233.3333333333333
34,VLYAFSTLFK,16000.0,1600.0
35,GPARYVASLR,30600.0,3060.0
36,FLLLSEPR,4310.0,538.75
37,LGALFVGGLVK,3430.0,311.8181818181818
38,SSPATLNSR,35900.0,3988.8888888888887
39,RPAPTPGPPR,50300.0,5030.0
40,VRPSLHLQR,485000.0,53888.88888888889
41,EYNMKK,19000.0,3166.6666666666665
42,VVHLSKSK,14200.0,1775.0
43,LLGFALPLR,2200.0,244.44444444444446
44,MMAPAFAQAADGFK,49100.0,3507.1428571428573
45,QQLSKDGNWA,54500.0,5450.0
46,LVVFRRK,47900.0,6842.857142857143
47,LVVFRRK,47900.0,6842.857142857143
48,AHAEALGLTTGKQ,2540.0,195.3846153846154
49,LPATDLTVVHR,13300.0,1209.090909090909
50,RVGGQSGVVFAVGLLMVFLVL,0.0,0.0
51,GGPARVVR,307000.0,38375.0
52,RVRYLSTVR,309000.0,34333.333333333336
53,MTVTNWNLLFG,67800.0,6163.636363636364
54,VPYGDLKAMLDPNTADVTAR,691.0,34.55
55,KLLDALNR,38400.0,4800.0
56,TNYLMHNSFYLVGKKDER,356.0,19.77777777777778
57,LFLVLPSR,0.0,0.0
58,LFLVLPSR,0.0,0.0
59,LGEHNLD,220000.0,31428.571428571428
60,LPKKPTLH,1830.0,228.75
61,LLELHWK,0.0,0.0
