,stripped_peptide,Area,NAAF_num.
0,LSSPATLNSR,9880000.0,988000.0
1,LSSPATLNSR,9880000.0,988000.0
2,LVNELTEFAK,42500.0,4250.0
3,ATEQELK,10700.0,1528.5714285714287
4,VATVSPLR,17100000.0,2137500.0
5,VATVSPLR,17100000.0,2137500.0
6,VVTVSLPR,6810000.0,851250.0
7,VATVSPLR,17100000.0,2137500.0
8,LATVLSPR,6470000.0,808750.0
9,VATVSPLR,17100000.0,2137500.0
10,LATVLSPR,6470000.0,808750.0
11,VVTVLSPR,6810000.0,851250.0
12,VVTVLSPR,6810000.0,851250.0
13,LATVLSPR,6470000.0,808750.0
14,NGQQFLNAAK,66000.0,6600.0
15,SPATLNSR,35300.0,4412.5
16,SSPATLNDK,35900.0,3988.8888888888887
17,SPATLNSR,35300.0,4412.5
18,MVDLAAVYK,135000.0,15000.0
19,SSPATLNDK,35900.0,3988.8888888888887
20,VPGVSLPR,2660000.0,332500.0
21,SLVNLGGSK,36700.0,4077.777777777778
22,VPGVSLPR,2660000.0,332500.0
23,QQLSGWGNTR,54500.0,5450.0
24,MDLGYAK,220000.0,31428.571428571428
25,LNLLSRFR,7560.0,945.0
26,LVESLTK,17300.0,2471.4285714285716
27,DMLGYAK,220000.0,31428.571428571428
28,NPVYPSVVHPAK,9040.0,753.3333333333334
29,CMGDDAAATK,81100.0,8110.0
30,KCGLAGEVPK,3420.0,342.0
31,SCK,12900.0,4300.0
32,LKLLVPVR,17000.0,2125.0
33,MAVSRGPALK,1320.0,132.0
34,GSNGSSGSGLNR,9040.0,753.3333333333334
35,TAHKKKGK,4380.0,547.5
36,WYYHLTQASK,1100.0,110.0
37,NNRAPNK,35300.0,5042.857142857143
38,DWGATKK,135000.0,19285.714285714286
39,HMLMHLYVPR,4430.0,443.0
40,MHLMHLYVPR,25200.0,2520.0
41,RFFSESK,9700.0,1385.7142857142858
42,LKLLGVPALK,7790.0,779.0
43,MHMLHLYVPR,531.0,53.1
44,EYNMKK,19000.0,3166.6666666666665
45,GNAKRKAK,2770.0,346.25
46,MHLMHLTAKSK,25200.0,2290.909090909091
47,HMSDYDK,29400.0,4200.0
48,RQPMHLTATNK,420000.0,38181.818181818184
49,MHMLHLYVPR,89.4,8.940000000000001
50,WYYHLYVPR,,
51,NRRFSK,15200.0,2533.3333333333335
52,WGRLHLTEER,3570.0,357.0
53,MHLMHLYVPR,4430.0,443.0
54,EHLFGR,7400.0,1233.3333333333333
55,MSMPLVGK,90500.0,11312.5
56,EPTATDK,,
57,EMEYMPNR,20100.0,2512.5
58,KKYGMKPNK,6180.0,686.6666666666666
59,MHLMHLTASKK,3110.0,282.72727272727275
60,QGLKHSK,8570.0,1224.2857142857142
61,YSMMHLYVPR,49800.0,4980.0
62,MHLMHLYHSK,49800.0,4980.0
63,DLLQKLGR,21200.0,2650.0
64,WYYHLTQGTK,49800.0,4980.0
65,MHLMHLYVPR,62400.0,6240.0
66,WYYHLTKSAK,31800.0,3180.0
67,LKLPAKLR,7310.0,913.75
68,MHLMHLTKTGK,62400.0,5672.727272727273
69,HGCSK,30100.0,6020.0
70,WYYHLTASKK,,
71,RALLKFTSTK,131000.0,13100.0
72,GHLKLMFK,103000.0,12875.0
73,WYYHLTQGTK,49800.0,4980.0
