,stripped_IL,Area,NAAF_num.
0,VLEGNEQFLNAAK,138000.0,10615.384615384615
1,LSSPATLNSR,23600000.0,2360000.0
2,SCLLS,151000.0,30200.0
3,APVLSDSSCK,54300.0,5430.0
4,EGNEQFLNAAK,621000.0,56454.545454545456
5,GNEQFLNAAK,231000.0,23100.0
6,SCL,262000.0,87333.33333333333
7,LATVLSPR,9590000.0,1198750.0
8,LATVLSPR,9590000.0,1198750.0
9,LVNELTEFAK,34900.0,3490.0
10,SLVNLGGSK,69300.0,7700.0
11,VATVSLPR,22500000.0,2812500.0
12,LGEHNLDVLEGN,34600.0,2883.3333333333335
13,LLASPDDPK,108000.0,12000.0
14,SLSLSVAR,27100.0,3387.5
15,SLSLSVAR,27100.0,3387.5
16,MNVPKPAK,5480.0,685.0
17,YVKSMLSK,11100.0,1387.5
18,YLYELAR,44300.0,6328.571428571428
19,YLYELAR,44300.0,6328.571428571428
20,VVVTLSPR,8060000.0,1007500.0
21,VVGPLPLPTKK,23600.0,2145.4545454545455
22,NNMTQK,9430.0,1571.6666666666667
23,LGEHNLD,749000.0,107000.0
24,EQFLNAAK,160000.0,20000.0
25,NAPLVLK,0.0,0.0
26,NAPLVLK,0.0,0.0
27,VVTLVSPR,8060000.0,1007500.0
28,SPATLNSR,168000.0,21000.0
29,SLSLSLGR,27100.0,3387.5
30,SLSLSLGR,27100.0,3387.5
31,SLSLSLGR,27100.0,3387.5
32,SLSLSLGR,27100.0,3387.5
33,VVTVSLPR,8060000.0,1007500.0
34,VVTVSLPR,8060000.0,1007500.0
35,APDLVELLK,3900.0,433.3333333333333
36,LGEHNLDVL,321000.0,35666.666666666664
37,LLPLTSTK,16100.0,2012.5
38,RPVSLPR,3330000.0,475714.28571428574
39,EFLSKFLKAK,10100.0,1010.0
40,LAVLVDLGR,0.0,0.0
41,VAKLHEK,3330000.0,475714.28571428574
42,VAKLHEK,3330000.0,475714.28571428574
43,TAKKAGAPKK,2980.0,298.0
44,LHVVSSKK,4180.0,522.5
45,LGEHNLDVLE,94800.0,9480.0
46,LPGFLKYLTR,16000.0,1600.0
47,EADVVPKLR,0.0,0.0
48,TLTLSLDLR,144000.0,16000.0
49,RMDARR,26100.0,4350.0
