,stripped_IL,Area,NAAF_num.
0,GGSGGSYGGGGSGGGYGGGSGSR,204000.0,8869.565217391304
1,FSSSSGYGGGSSR,347000.0,26692.30769230769
2,LSSPATLNSR,21300000.0,2130000.0
3,VLEGNEQFLNAAK,163000.0,12538.461538461539
4,EGNEQFLNAAK,1530000.0,139090.9090909091
5,STSSFSCLSR,115000.0,11500.0
6,LSSPATLNSR,216000.0,21600.0
7,SLVNLGGSK,478000.0,53111.11111111111
8,SRSGGGGGGGLGSGGSLR,233000.0,12944.444444444445
9,LATVLSPR,13200000.0,1650000.0
10,LATVLSPR,13200000.0,1650000.0
11,SCL,517000.0,172333.33333333334
12,SLVGLGGTK,39600.0,4400.0
13,LLTHPNFN,189000.0,23625.0
14,LGEHNLDVLEGN,64100.0,5341.666666666667
15,VATVSLPR,25100000.0,3137500.0
16,LASYLDK,30500.0,4357.142857142857
17,LASYLDK,30500.0,4357.142857142857
18,LASYLDK,30500.0,4357.142857142857
19,LASYLDK,30500.0,4357.142857142857
20,LAADDFR,50600.0,7228.571428571428
21,LAADDFR,50600.0,7228.571428571428
22,ERQFSSR,73100.0,10442.857142857143
23,SLSLSVAR,286000.0,35750.0
24,SLSLSVAR,286000.0,35750.0
25,SLVNLGGSK,9780.0,1086.6666666666667
26,VVTLVSPR,17300000.0,2162500.0
27,VAQVALLR,0.0,0.0
28,NLSEAQLR,37800.0,4725.0
29,NLSEAQLR,37800.0,4725.0
30,EQFLNAAK,164000.0,20500.0
31,LGEHNLDVL,873000.0,97000.0
32,TVVDLNSK,9780.0,1222.5
33,EESSLHAER,49100.0,5455.555555555556
34,LSGTAANTR,746000.0,82888.88888888889
35,MVLDLSGFK,873000.0,97000.0
36,MK,94600.0,47300.0
37,SPATLNSR,172000.0,21500.0
38,SSPATLNSR,124000.0,13777.777777777777
39,SLGGGFGGGSR,43000.0,3909.090909090909
40,VAEVSLPR,32300.0,4037.5
41,NNMTQK,9830.0,1638.3333333333333
42,LGEHNLDVLEG,26500.0,2409.090909090909
43,RPVSLPR,4000000.0,571428.5714285715
44,LVGGYTCAAN,327000.0,32700.0
45,DMLQYK,640000.0,106666.66666666667
46,DMLQYK,640000.0,106666.66666666667
47,EVHLFGKK,18200.0,2275.0
48,EGLAAANAEAK,24400.0,2218.181818181818
49,TASRPLVR,245000.0,30625.0
50,TFDSRFK,4450.0,635.7142857142857
51,LPRPAALLVFN,11600.0,1054.5454545454545
52,LGEHNLD,640000.0,91428.57142857143
53,GPKVVSFDLK,90400.0,9040.0
54,MVRASPK,43600.0,6228.571428571428
55,LMQLAAK,14400.0,2057.1428571428573
56,LMQLAAK,14400.0,2057.1428571428573
57,LMQLAAK,14400.0,2057.1428571428573
