,Streptophyta,Chlorophyta,Bacillariophyta,Dinophyceae,Chlorobi,Cyanobacteria
Time 0 small,0.0050998444881630006,0.016291169892742,0.0,0.0,0.0,0.0
Time 0 large,0.009057313237229,0.0,0.0,0.0,0.0,0.0
Time 24 small,0.014707444418116,0.0,0.0,0.0,0.014707444418116,0.0
Time 24 large,0.051033270630455,0.0,0.0,0.0,0.0,0.0
