,Streptophyta,Chlorophyta,Bacillariophyta,Dinophyceae,Chlorobi,Cyanobacteria
Time 0 small,0.008926431478376,0.004170934354498,0.004170934354498,0.0,0.0,0.004170934354498
Time 0 large,0.0,0.0,0.438440103426525,0.438440103426525,0.0,0.0
Time 24 small,0.0,0.0,0.0,0.066147517059642,0.0,0.0
Time 24 large,0.0027358243362600003,0.010621435658421,0.001257942758535,0.0,0.011587020718277002,0.0007563749635539998
