Timepoint,Streptophyta,Chlorophyta,Bacillariophyta,Dinophyceae,Chlorobi,Cyanobacteria
Time 0,0.050983586281414,0.01196512908161,0.008481088457753,0.534670103426525,0,0
Time 24 hrs,0.004560474745421,0.001265377827193,0,0.046147517059642,0,0
