,Streptophyta,Chlorophyta,Bacillariophyta,Dinophyceae,Chlorobi,Cyanobacteria
Time 0 small,0.933164520908169,0.0,0.0,0.113261953301068,0.0,0.0
Time 0 large,0.0,0.0,0.006894992079431999,0.534670103426525,0.0,0.0
Time 24 small,0.0011993468810689999,0.0,0.0,0.0,0.003435966740361,0.0
Time 24 large,0.0017358675481839998,0.0,0.0,0.0,0.0,0.0
