,A,C,D,E,F,G,H,I,K,L,M,N,P,Q,R,S,T,V,W,Y,c-carb,m-oxid,n-deam,q-deam,Total area,Total length,% C w/ carb,% M w/ oxid,% N w/ deam,% Q w/ deam,NAAF denom.
sample total,82,11,28,42,21,75,21,45,30,77,6,67,42,26,37,47,36,70,6,15,11,2,8,3,160592888.0,766,1.0,0.3333333333333333,0.11940298507462686,0.11538461538461539,209651.28981723238
