,A,C,D,E,F,G,H,I,K,L,M,N,P,Q,R,S,T,V,W,Y,c-carb,m-oxid,n-deam,q-deam,Total area,Total length,% C w/ carb,% M w/ oxid,% N w/ deam,% Q w/ deam,NAAF denom.
sample total,230,23,95,109,39,173,36,125,91,162,27,132,145,105,128,128,94,194,10,35,23,8,28,25,718518895.9,1916,1.0,0.2962962962962963,0.21212121212121213,0.23809523809523808,375009.86216075154
