,NAAF,A,C,D,E,F,G,H,I,K,L,M,N,P,Q,R,S,T,V,W,Y,c-carb,m-oxid,n-deam,q-deam,% C w/ carb.,% M w/ oxid,% N w/ deam,% Q w/ deam,NAAF check
sample total,200.78320662553418,168.13321759369754,1.6908952221819171,33.85649668738555,33.045532307723306,1.3927617918703505,44.199281698834895,1.6042580199945338,30.15733196911182,6.678801366424478,267.97400254739733,0.42843673356447826,89.79949288164225,202.01199632578957,27.4025124813497,197.0256250346133,322.0033049870668,205.79205901161308,287.4984592205559,0.7543903675518253,0.4075474090075878,1.6908952221819171,0.1918107131273992,0.2800403041908252,0.9611121609210957,1.0,0.44769903722210214,0.0031185065216339765,0.03507387001740202,0.0005354078035935319
