,NAAF,A,C,D,E,F,G,H,I,K,L,M,N,P,Q,R,S,T,V,W,Y,c-carb,m-oxid,n-deam,q-deam,% C w/ carb.,% M w/ oxid,% N w/ deam,% Q w/ deam,NAAF check
sample total,138.31715101745166,79.9143712553297,2.292046204707781,7.795620513480114,8.668616689525463,5.682218021373164,12.518671826115623,6.123296013244053,44.8196969164426,3.3865145072740908,150.95848231468975,0.38248124734982836,32.699927850850784,135.0720216253007,4.544711291739906,132.1477093463933,159.05084986008583,133.29649651448057,254.37616823141417,0.6307034169749437,1.281917460044571,2.292046204707781,0.002394441689330875,0.8085862793772761,0.1468485362660046,1.0,0.006260285192860318,0.024727463713845422,0.03231196149531092,0.00021897015057564345
