,A,C,D,E,F,G,H,I,K,L,M,N,P,Q,R,S,T,V,W,Y,c-carb,m-oxid,n-deam,q-deam,Total area,Total length,% C w/ carb,% M w/ oxid,% N w/ deam,% Q w/ deam,NAAF denom.
sample total,204,29,90,105,41,175,32,128,86,199,28,127,123,104,109,142,97,181,11,40,29,12,36,33,336608532.0,1855,1.0,0.42857142857142855,0.28346456692913385,0.3173076923076923,181460.12506738544
