,NAAF,A,C,D,E,F,G,H,I,K,L,M,N,P,Q,R,S,T,V,W,Y,c-carb,m-oxid,n-deam,q-deam,% C w/ carb.,% M w/ oxid,% N w/ deam,% Q w/ deam,NAAF check
sample total,220.76169221012165,207.45307660322118,2.8928487375897207,21.392722405721806,29.033405748244917,2.2611866364824458,14.275358780242247,3.7695767350998146,80.9279527115651,6.8539107469056635,239.76167246435338,0.06357933255090518,22.81942535151643,212.70570658092257,23.59337688270472,222.05216605671282,220.277533984175,184.0244177207663,360.9344708328639,0.8664578673429757,7.879688865120141,2.8928487375897207,0.02987065798247411,9.937541744224815,17.687763896585714,1.0,0.46981710540226235,0.4354860646639566,0.7496919150031399,0.0012165851430368543
