,NAAF,A,C,D,E,F,G,H,I,K,L,M,N,P,Q,R,S,T,V,W,Y,c-carb,m-oxid,n-deam,q-deam,% C w/ carb.,% M w/ oxid,% N w/ deam,% Q w/ deam,NAAF check
sample total,82.26501279384881,39.86301733588636,0.05790059518333411,0.034929785363362074,0.15328272959313,0.07547449907534004,5.445282590582261,0.1426353899002455,0.0,1.0087729631566305,109.56635810755601,0.032802664610399296,16.4981802959291,87.17305325636266,0.2758002262542172,81.84777088691956,113.70445894032264,76.6024867791572,157.5978450337612,0.4106235891502859,0.5468494765000261,0.05790059518333411,0.00908088507266786,0.0014238728200653059,0.025676395115931745,1.0,0.27683376276051014,8.63048405657589e-05,0.09309780294474698,0.0005280672431780105
