,NAAF,A,C,D,E,F,G,H,I,K,L,M,N,P,Q,R,S,T,V,W,Y,c-carb,m-oxid,n-deam,q-deam,% C w/ carb.,% M w/ oxid,% N w/ deam,% Q w/ deam,NAAF check
sample total,73.85944831918081,55.6249798739841,0.0,0.33466437193309856,0.32848991539074607,0.7839452243883518,6.093900771540282,9.858718917131359,0.0,7.936079513309767,102.54991085012581,9.943272226524979,18.201110757304885,79.39812046321262,0.5731699440636517,73.07077191777053,103.77406372713426,58.80258143320001,103.14151563782995,0.18889930299283123,5.395805149290024,0.0,0.045282395857461154,0.2659552562928772,0.08094615676762114,,0.004554073832622669,0.014612034388403354,0.14122540374976797,0.0011051087767863996
