,sample,A_RelNAAF,C_RelNAAF,D_RelNAAF,E_RelNAAF,F_RelNAAF,G_RelNAAF,H_RelNAAF,K_RelNAAF,I/L_RelNAAF,M_RelNAAF,N_RelNAAF,P_RelNAAF,Q_RelNAAF,R_RelNAAF,S_RelNAAF,T_RelNAAF,V_RelNAAF,W_RelNAAF,Y_RelNAAF
0,T0 0.3,0.09411274658770431,0.004104877937760713,0.016742214987803983,0.016771509971153016,0.005415723212189798,0.016723228278659224,0.010163157665569965,0.007543740676606236,0.15026772550699938,0.007068501152009114,0.027174577191029285,0.10003909199445117,0.009806256922732915,0.10428563017616059,0.12629309406359018,0.10066998354681288,0.1942270559346264,0.0037719177475879525,0.004818966446552931
1,T0 0.7,0.08419984165500063,0.0013022432061421218,0.0016191117517962465,0.0029339688509189424,0.0027399279738826,0.004655792818423438,0.004241713298845644,0.0025755826073184255,0.1534787527082209,0.0024202647453417485,0.03517163869773952,0.11464997546631517,0.002652284194880117,0.114391173127896,0.16653839865779388,0.11752085532228139,0.1852559024684303,0.0011599489003378664,0.0024926235484351803
2,T24 0.3,0.07669273238982366,0.0061277936547512015,0.001524587681227598,0.004894159415652609,0.008765888720557719,0.01268849163125839,0.016628999127549164,0.008422953754660891,0.13350745578461645,0.009433363671828503,0.020485144038231796,0.11784703005184821,0.002441199629039104,0.11031925046286431,0.1232292810641426,0.1163656564354623,0.2174875267274679,0.003202406113590121,0.009936079645427549
3,T24 0.7,0.08490780881115241,0.0038249406943493334,0.0032417779524591623,0.002153684035214487,0.0034590186897583463,0.008742432818557152,0.009078500251144572,0.00437533252718979,0.14431070955387743,0.006761256793909539,0.020856028113007293,0.11929160468858553,0.0018398664664592043,0.11533642875122024,0.13404143293173879,0.12682763490510934,0.20593257112756663,0.0008156592391052955,0.004203311649595502
