,sample,A_RelNAAF,C_RelNAAF,D_RelNAAF,E_RelNAAF,F_RelNAAF,G_RelNAAF,H_RelNAAF,K_RelNAAF,I/L_RelNAAF,M_RelNAAF,N_RelNAAF,P_RelNAAF,Q_RelNAAF,R_RelNAAF,S_RelNAAF,T_RelNAAF,V_RelNAAF,W_RelNAAF,Y_RelNAAF
0,T0 0.3-0.7 um,0.08413738799457748,0.012872293902622399,0.0057037277547140955,0.007885548419617987,0.006989301082952541,0.01344521545481813,0.012741114499613413,0.014644039867782682,0.1396100317827943,0.012495084567008805,0.02141726592339333,0.11259472999582214,0.004727138446730695,0.1089999505420317,0.13322017388222646,0.11056092412276378,0.19053308698613702,0.00377159084807526,0.003651393926317691
1,T0 >0.7 um,0.08166741967242182,0.0020062485067289665,0.0057974943330129656,0.00854573306749578,0.005752544226206317,0.009914281564990423,0.007359151723891434,0.004776213262492817,0.14352351165464577,0.003877849985035771,0.026520097279373926,0.11457343678768411,0.004057273816480622,0.11331975802985207,0.1345985090129273,0.11662298656265176,0.212412709363576,0.00146847575521755,0.0032063053953144552
2,T24 0.3-0.7 um,0.08963050126752424,0.00369396821087435,0.0019125921302045874,0.003320749002642198,0.003882754854073086,0.008105061751384023,0.00544449624294662,0.0065423649729527454,0.14045192050182873,0.0035858015274792187,0.019980206744596135,0.11588417826538167,0.006298601680455911,0.11382545983477547,0.1351450992458393,0.1183808397717445,0.21841859367480193,0.001872837580611568,0.0036239727398837554
3,T24 >0.7 um,0.0928547700614872,0.0020069985468725332,0.002443486168945513,0.00228814599901895,0.0019098183300248256,0.004844937177044048,0.003017068152469497,0.0034487567012541167,0.14388595128848994,0.002755243691783083,0.016152154064748257,0.11943153117309749,0.001264181297275027,0.11766917203999055,0.13794239250871634,0.1239687132654335,0.22174481956548145,0.0006699920100429014,0.0017018679578247238
