,sample,A_RelNAAF,C_RelNAAF,D_RelNAAF,E_RelNAAF,F_RelNAAF,G_RelNAAF,H_RelNAAF,K_RelNAAF,I/L_RelNAAF,M_RelNAAF,N_RelNAAF,P_RelNAAF,Q_RelNAAF,R_RelNAAF,S_RelNAAF,T_RelNAAF,V_RelNAAF,W_RelNAAF,Y_RelNAAF
0,T0 0.3-0.7 um,0.10069895059542906,0.0010244037933090301,0.004373857590347521,0.005937740139444763,0.0015305194854922381,0.012377590837664019,0.0026905589820093653,0.005038490660352768,0.16652327679388162,0.0027598894036634453,0.027485160136474764,0.1133703527763454,0.007287917918425417,0.11232337603820328,0.1473153300837327,0.10871543783886363,0.17775451023482639,0.0007401483522042985,0.0020524883393303493
1,T0 >0.7 um,0.0722876331398806,0.006634462848396626,0.004623592662304016,0.009465772069606054,0.006683171370814244,0.015047379616067698,0.011278102449287961,0.011095771403681438,0.14789247204362693,0.009529892223286842,0.016818686538855505,0.11636877869095687,0.0031254907404056243,0.1106952848757517,0.11388788454083114,0.11806260400299452,0.22163480782600142,0.0009428115761376992,0.003925401381113116
2,T24 0.3-0.7 um,0.08889395570420434,0.023345928541349408,0.004210094565592471,0.010155034302528555,0.010043735368667876,0.03309741051155077,0.013399888614218496,0.02135357447114213,0.1328655291479651,0.012743449534597955,0.024937337844531917,0.10053563640482663,0.010068813275657269,0.09046652029505399,0.12008908835432613,0.10927380760964872,0.1731034135696468,0.01072990452575589,0.010686877358735388
3,T24 >0.7 um,0.08493430553538685,0.0028093216490436604,0.003973576855654634,0.0038506762752269406,0.002933110110483528,0.00848340385619544,0.0018726466589616077,0.005437460483725743,0.14995142237993028,0.0026754126804690403,0.02389429163472921,0.11218694068816212,0.004930605584464258,0.11378242013881389,0.14031852773533288,0.11478639263010199,0.2212491821456725,0.0010223690021457462,0.000907933955499647
