,A,C,D,E,F,G,H,I,K,L,M,N,P,Q,R,S,T,V,W,Y,c-carb,m-oxid,n-deam,q-deam,Total area,Total length,% C w/ carb,% M w/ oxid,% N w/ deam,% Q w/ deam,NAAF denom.
sample total,136,57,37,55,60,117,145,0,136,267,120,82,176,38,119,194,138,154,59,68,57,22,4,1,1703503286.88,2018,1.0,0.18333333333333332,0.04878048780487805,0.02631578947368421,844154.2551437067
