,NAAF,A,C,D,E,F,G,H,I,K,L,M,N,P,Q,R,S,T,V,W,Y,c-carb,m-oxid,n-deam,q-deam,% C w/ carb.,% M w/ oxid,% N w/ deam,% Q w/ deam,NAAF check
sample total,235.94787041759906,171.08669659411444,8.976799058629915,10.235759383049974,8.298974287722146,8.420894243129787,14.854449055452344,12.581588413869376,0.0,17.916275300872833,295.0744343434941,11.535799153714118,38.641281143388476,236.1193785631357,9.320581996832505,232.41758040388464,297.05642148309033,228.44233315152607,429.04496965831015,10.9777590768261,6.055944026975273,8.976799058629915,2.931007797056127,0.19377086474805127,0.0665755099349859,1.0,0.25407930200591666,0.00501460766864883,0.007142849014966108,0.00027950800340081195
