,A,C,D,E,F,G,H,I,K,L,M,N,P,Q,R,S,T,V,W,Y,c-carb,m-oxid,n-deam,q-deam,Total area,Total length,% C w/ carb,% M w/ oxid,% N w/ deam,% Q w/ deam,NAAF denom.
sample total,147,56,34,74,86,112,181,0,154,291,152,95,234,25,167,211,143,185,43,87,56,32,12,1,1978899008.14,2354,1.0,0.21052631578947367,0.12631578947368421,0.04,840653.7842565846
