,NAAF,A,C,D,E,F,G,H,I,K,L,M,N,P,Q,R,S,T,V,W,Y,c-carb,m-oxid,n-deam,q-deam,% C w/ carb.,% M w/ oxid,% N w/ deam,% Q w/ deam,NAAF check
sample total,279.40088443022756,185.56818560879103,12.674206483319086,4.322986196094544,18.32422448396989,18.372602172156746,34.7386234675465,34.41569285502653,0.0,17.551484322143118,358.4140882932719,24.013807676858217,49.48999489581466,287.1106551076154,4.704899257495457,269.6969894115115,330.32938998658193,258.55849436843044,504.9336319754149,13.00460180512859,17.625501245495286,12.674206483319086,6.13376606451155,5.383744268750688,0.1040856552823772,1.0,0.2554266340036769,0.10878449836344573,0.022122823377473285,0.00033236141877023977
