,NAAF,A,C,D,E,F,G,H,I,K,L,M,N,P,Q,R,S,T,V,W,Y,c-carb,m-oxid,n-deam,q-deam,% C w/ carb.,% M w/ oxid,% N w/ deam,% Q w/ deam,NAAF check
sample total,26.04026073747712,50.763917672811594,0.33014583559813243,10.049145459640624,20.918288089428604,6.094231222633226,15.093468730318145,13.133629768812751,0.0,6.744562371642917,62.24847709054456,8.826447473918225,33.41995895936924,15.313161528025379,15.443250100750861,23.689810492490395,26.700901388807385,3.8876165717348568,34.62604978434408,0.9098784838893322,4.199436400788008,0.33014583559813243,1.0122875604227113,18.861100863634757,0.7057512051995234,1.0,0.11468799462229597,0.564366368210248,0.04569965522770426,0.00036940593767204635
