,NAAF,A,C,D,E,F,G,H,I,K,L,M,N,P,Q,R,S,T,V,W,Y,c-carb,m-oxid,n-deam,q-deam,% C w/ carb.,% M w/ oxid,% N w/ deam,% Q w/ deam,NAAF check
sample total,60.73158295746395,45.609850253348135,0.06901821381198177,0.5196644007106966,0.11450731571257927,0.20897104234971559,2.9248191586836056,3.5510618889927024,0.0,2.6632325575688243,90.54539329833545,2.693871001502731,25.040825114509975,61.19352644693498,0.015782638430018356,59.95093322197425,108.14954572378875,55.14538496837878,75.73497075805912,0.09397017691224385,1.8144621952590783,0.06901821381198177,0.021173302490188676,0.3690035723422982,0.0,1.0,0.007859805639682636,0.014736078809498895,0.0,0.00029291302429757893
