,NAAF,A,C,D,E,F,G,H,I,K,L,M,N,P,Q,R,S,T,V,W,Y,c-carb,m-oxid,n-deam,q-deam,% C w/ carb.,% M w/ oxid,% N w/ deam,% Q w/ deam,NAAF check
sample total,77.8190674487073,62.36043864529357,0.10896642040288936,0.6252658452742437,0.12230047631743206,0.20926207233727226,3.9596769149343425,0.6350915395047033,0.0,1.5999258777654355,98.68963932643122,1.2025440153470897,9.849773613083684,79.96685761315351,0.3672264493636763,76.869737204996,95.5855942446988,74.19897107400278,135.03704617737858,0.18108825954598712,0.6911676453622925,0.10896642040288936,0.19636342151052924,0.005193206473994905,0.031171046058385478,1.0,0.16329000768745497,0.0005272412014725544,0.08488235559393428,0.00036753056600973656
