,stripped_IL,Area,NAAF_num.
0,SCLLSGWGNTK,3960000.0,360000.0
1,LGEHNLDVLEGNEQFLNAAK,21900000.0,1095000.0
2,LLTHPNFNGNTLDNDLMLLK,779000.0,38950.0
3,LLTHPNFNGNTLDNDLMLLK,133000.0,6650.0
4,SSGSSYPSLLQCLK,637000.0,45500.0
5,LGEHNLDVLEGNEQFLNAAK,480000.0,24000.0
6,LGEHNLDVLEGNEQFLNAAK,337000.0,16850.0
7,LGEHNLDVLEGNEQFLNAAK,121000.0,6050.0
8,APVLSDSSCK,65500.0,6550.0
9,LVGGYTCAANSLPYQVSLNS,1770000.0,88500.0
10,LGEHNLDVLEGNEQ,562000.0,40142.857142857145
11,LSSPATLNSR,60000000.0,6000000.0
12,LVGGYTCAANSLPYQVSLNSG,6030000.0,287142.85714285716
13,LSSPATLNSR,290000.0,29000.0
14,LPLLSTTK,146000.0,18250.0
15,SLVNLGGSK,99900.0,11100.0
16,LVGGYTCGANTVPYQVSLNSG,3430000.0,163333.33333333334
17,KLQPGYTK,20700.0,2587.5
18,VATVSLPR,98500000.0,12312500.0
19,VVVESLPR,3660000.0,457500.0
20,LSSPATARNR,2230000.0,223000.0
21,GGGGGGGLGSGGSLR,12100.0,806.6666666666666
22,RSLQVR,76600.0,12766.666666666666
23,RSLQVR,76600.0,12766.666666666666
24,VAEVSLPR,1380000.0,172500.0
25,LGEHNLDVL,449000.0,49888.88888888889
26,LLTHPNFNGNTLDND,172000.0,11466.666666666666
27,NPAQLLR,319000.0,45571.42857142857
28,NPAQLLR,319000.0,45571.42857142857
29,VVTVTVPR,97900000.0,12237500.0
30,LVGGYTCAANSLPY,267000.0,19071.428571428572
31,LATVSLPR,36600000.0,4575000.0
32,MHQRPTLQTGK,102000.0,9272.727272727272
33,VPVPAQPR,297000.0,37125.0
34,EFHPGALR,1560000.0,195000.0
35,GFLGLGWLAR,90000.0,9000.0
36,EFHPAVAR,131.0,16.375
37,QHGGGLDL,196000.0,24500.0
38,APKPLRSTTARK,10200.0,850.0
39,RPENHATSR,213000.0,23666.666666666668
40,VVEASLPR,1750000.0,218750.0
41,EYPAGDYLCR,1180000.0,118000.0
42,VPRSLPR,3960000.0,565714.2857142857
43,LATVLPSR,0.0,0.0
44,LATVLPSR,0.0,0.0
45,VNWLQQTLAAN,83700.0,7609.090909090909
46,STMSR,9910.0,1982.0
47,SPATLNSR,14500.0,1812.5
48,SRLQVR,76600.0,12766.666666666666
49,SRLQVR,76600.0,12766.666666666666
50,DLEATKK,146000.0,20857.14285714286
51,DLEATKK,146000.0,20857.14285714286
52,NLYQTQASFNQTQENK,1380000.0,86250.0
53,LSSPATRGDR,8940.0,894.0
54,VLKGAHHLLPK,5250.0,477.27272727272725
55,KGLFPLVALK,3090.0,309.0
56,SSGTSYPDVLKCLK,123000.0,8785.714285714286
57,SMGR,72700.0,18175.0
58,AWPPSAFMYAKASRWG,2670.0,166.875
59,NRKPGVK,40700.0,5814.285714285715
