,stripped_peptide,Area,NAAF_num.
0,VTNLAEVLAR,472000.0,47200.0
1,VLGQNEAVNAVSNALR,8190000.0,511875.0
2,VTNLAEVLAR,25500.0,2550.0
3,LADLLNEAASSLR,6880000.0,529230.7692307692
4,LPQVEGTGGNVQPSQDLVR,3180000.0,167368.42105263157
5,ALNLLHEAASEAR,451000.0,34692.307692307695
6,VTDAEAYTVLAR,,
7,EMHPRLK,103000.0,14714.285714285714
8,EMHPRLK,52500.0,7500.0
9,EMHPRLK,149000.0,21285.714285714286
10,MHFPHLYVPR,,
11,VLGKNEAVNAVSTGAPK,29300.0,1723.5294117647059
12,MHFPHLYVPR,444000.0,44400.0
13,EMLLSGWQATK,256000.0,23272.727272727272
14,EMHPRLK,32100.0,4585.714285714285
15,VLQNEAVNAVSTQPK,12200.0,813.3333333333334
16,MHFPHLYVPR,1050000.0,105000.0
17,LHSHAAK,19900.0,2842.8571428571427
18,MHFPHLYVPR,388000.0,38800.0
19,MHFPHLYVPR,873000.0,87300.0
20,TVDAELAEVLAR,,
21,LANLLDEAAMRR,47300.0,3941.6666666666665
22,MHFPHLYVPR,75500.0,7550.0
23,VYLHSHAAK,20500.0,2277.777777777778
24,VLWNNAVNAVSNALR,,
25,MHFPHLKMKK,1280000.0,128000.0
26,LWLLNEAASSLR,362000.0,30166.666666666668
27,VTNAELMFR,,
28,HSLVLLWFYK,107000.0,10700.0
29,DKANNEAVDAVSNALR,,
30,ALDMTFEAASAER,102000.0,7846.153846153846
