,stripped_IL,Area,NAAF_num.
0,LPQVEGTGGDVQPSQDLVR,3180000.0,167368.42105263157
1,VLGQNEAVDAVSNALR,9450000.0,590625.0
2,LGEHNLDVLEGNEQFLNAAK,61200.0,3060.0
3,ALQQQLENPLAQQLLSGELVPGK,55700.0,2421.7391304347825
4,ALDLLDEAASSLR,19300000.0,1484615.3846153845
5,LPQVEGTGGDVQPSQDLVR,51100.0,2689.4736842105262
6,VTDAELAEVLAR,568000.0,47333.333333333336
7,GQNEAVDAVSNALR,45200.0,3228.5714285714284
8,SCLLSGWGNTK,196000.0,17818.18181818182
9,LGEHNLDVLEGNEQFLNAAK,121000.0,6050.0
10,LVGGYTCAANSLPYQVSLNSG,0.0,0.0
11,SSGSSYPSLLQCLK,10200.0,728.5714285714286
12,QNEAVDAVSNALR,0.0,0.0
13,NSANVLR,0.0,0.0
14,NSANVLR,0.0,0.0
15,VTDAELAEVL,0.0,0.0
16,MVQVFYK,1440.0,205.71428571428572
17,MHMLTKGTK,0.0,0.0
18,EYPDQK,8570.0,1428.3333333333333
19,MVLDLSGFK,23400.0,2600.0
20,ALNTTGVGPFAGPDAGSR,236000.0,13111.111111111111
21,TFKLLRR,27000.0,3857.1428571428573
22,TFKLLRR,27000.0,3857.1428571428573
23,LSTTEMSTVLAR,0.0,0.0
24,VVPEDVSVLGADASLK,7030.0,439.375
25,LHLMHL,530000.0,88333.33333333333
26,LPLVSARQLSK,929.0,84.45454545454545
27,VAVLPLMK,814.0,101.75
28,EPGPMPPR,5780.0,722.5
29,LPGVVLVEAEMAK,0.0,0.0
30,TSLNGVLLK,3220.0,357.77777777777777
31,NGKLLDVTSDPSK,0.0,0.0
32,MKQETNLNVTNKLR,0.0,0.0
33,LGPVSLNTLGALSSAGGASKL,0.0,0.0
34,RYDVLHYCVPNL,0.0,0.0
35,LVFGPGPGVLA,0.0,0.0
36,VTDAELMFR,0.0,0.0
37,ENEFLR,9930.0,1655.0
38,ENEFLR,9930.0,1655.0
39,HGGPEYLK,97800.0,12225.0
40,QVRVCLK,0.0,0.0
41,FGGRNFKQYLK,0.0,0.0
42,NKYPATPSK,5240.0,582.2222222222222
43,EFVNDK,0.0,0.0
44,EMDR,0.0,0.0
45,LPSSMWSSTR,0.0,0.0
46,LVAQGLSNSELAK,1440.0,110.76923076923077
47,GTPGGGRR,4200.0,525.0
48,GGMYYVK,0.0,0.0
49,EYFPER,22500.0,3750.0
50,EHQLGLPLFK,1520.0,152.0
51,LLLNPDFLR,0.0,0.0
52,LHMLHL,3130.0,521.6666666666666
53,QGLDPYVTK,0.0,0.0
54,FQFASPGMKALK,9190.0,765.8333333333334
55,TQSMAFVK,25400.0,3175.0
56,VGEQPSLDVAGNAV,0.0,0.0
57,LSWLLDFQFK,0.0,0.0
58,YLVKTK,0.0,0.0
59,YLVKTK,0.0,0.0
60,MHHNDR,1090.0,181.66666666666666
61,NLKLHASR,23200.0,2900.0
62,DGVMRYK,2490.0,355.7142857142857
63,ELAAALKRHK,4420.0,442.0
64,ALLRQGSK,191000.0,23875.0
65,LLDLHGEEPFK,0.0,0.0
66,LYSACKK,0.0,0.0
67,AAFTLMNSQGESR,6990.0,537.6923076923077
68,MGMSSSRGALLADVTK,0.0,0.0
69,EADPAVRCALPLK,806.0,62.0
70,NTGPLLKK,0.0,0.0
71,DHERLNLLR,3900.0,433.3333333333333
72,QLRAAVTWAGTNHLR,14800.0,986.6666666666666
