,stripped_IL,Area,NAAF_num.
0,SCLLSGWGNTK,4480000.0,407272.7272727273
1,LGEHNLDVLEGNEQFLNAAK,14100000.0,705000.0
2,SSGSSYPSLLQCLK,900000.0,64285.71428571428
3,LGEHNLDVLEGNEQFLNAAK,32500.0,1625.0
4,LGEHNLDVLEGNEQFLNAAK,436000.0,21800.0
5,LLTHPNFNGNTLDNDLMLLK,72800.0,3640.0
6,LLTHPNFNGNTLDNDLMLLK,794000.0,39700.0
7,SGGGGGGGLGSGGSLR,36900.0,2306.25
8,LGEHNLDVLEGNEQFLNAAK,100000.0,5000.0
9,APVLSDSSCK,130000.0,13000.0
10,LGEHNLDVLEGNEQ,850000.0,60714.28571428572
11,LGEHNLDVLEGNEQFLNAAK,4880.0,244.0
12,LVGGYTCAANSLPYQVSLNSG,4080000.0,194285.7142857143
13,LSSPATLNSR,532000.0,53200.0
14,LLTHPNFNGNTLDND,260000.0,17333.333333333332
15,LVGGYTCAANSLPYQVSLNS,1280000.0,64000.0
16,LSSPATLNSR,78300000.0,7830000.0
17,LGEHNLDVLEGNEQF,144000.0,9600.0
18,LVGGYTCAAN,458000.0,45800.0
19,SRSGGGGGGGLGSGGSLR,157000.0,8722.222222222223
20,LGEHNLDVLEGNEQFLN,175000.0,10294.117647058823
21,VATVSLPR,137000000.0,17125000.0
22,SLVNLGGSK,102000.0,11333.333333333334
23,LVGGYTCGANTVPYQVSLNSG,2450000.0,116666.66666666667
24,LPLLSTTK,116000.0,14500.0
25,LSSPATARNR,3430000.0,343000.0
26,VAEVSLPR,1320000.0,165000.0
27,GGGGGGGLGSGGSLR,16600.0,1106.6666666666667
28,VVTVTVPR,105000000.0,13125000.0
29,LVGGYTCAANSLPY,251000.0,17928.571428571428
30,TFGCAKR,44100.0,6300.0
31,VVVESLPR,2810000.0,351250.0
32,VVVTVTPR,105000000.0,13125000.0
33,MSESNNSKKYQNNSVKNK,269000.0,14944.444444444445
34,LATVSLPR,40100000.0,5012500.0
35,LGEHNLDVL,1790000.0,198888.88888888888
36,RSLQVR,104000.0,17333.333333333332
37,RSLQVR,104000.0,17333.333333333332
38,LVGGYTCGANTVPYQVSLNS,521000.0,26050.0
39,MHLMDPGLVQR,1640000.0,149090.9090909091
40,LNNYPYESRLYSLGELEK,273000.0,15166.666666666666
41,LGEHNLD,358000.0,51142.857142857145
42,SCLLSGW,77700.0,11100.0
43,VTVVVTPR,105000000.0,13125000.0
44,NLDVLEGNEQFLNAAK,11900.0,743.75
45,TVFSRFL,43300.0,6185.714285714285
46,TYYLLFPNRLDGDNDLTANVAR,2840.0,129.0909090909091
47,LGMDTLFVR,278000.0,30888.88888888889
48,RHEAVPR,379000.0,54142.857142857145
49,ASTSHLPSLDTGAGVAA,381000.0,22411.764705882353
50,TVVTRAPARTSR,54000.0,4500.0
51,VVEASLPR,1330000.0,166250.0
52,VPRSLPR,5600000.0,800000.0
53,SPATLNSR,18200.0,2275.0
54,TLRKLLVR,192000.0,24000.0
55,VPAVVVTK,16600.0,2075.0
56,ALEGMDQ,70500.0,10071.42857142857
