,stripped_IL,Area,NAAF_num.
0,SCLLSGWGNTK,881000.0,80090.90909090909
1,LGEHNLDVLEGNEQFLNAAK,3990000.0,199500.0
2,SSGSSYPSLLQCLK,182000.0,13000.0
3,LGEHNLDVLEGNEQ,569000.0,40642.857142857145
4,VLEGNEQFLNAAK,139000.0,10692.307692307691
5,LSSPATLNSR,22900000.0,2290000.0
6,APVLSDSSCK,26600.0,2660.0
7,LGEHNLDVLEGNEQFLNAAK,6550.0,327.5
8,LSSPATLNSR,190000.0,19000.0
9,LGEHNLDVLEGNEQFLNAAK,14200.0,710.0
10,LVGGYTCAANSLPYQVSLNSG,2930000.0,139523.80952380953
11,LVGGYTCAANSLPYQVSLNS,1100000.0,55000.0
12,AGFAGDDAPR,60100.0,6010.0
13,LLTHPNFNGNTLDND,183000.0,12200.0
14,VATVSLPR,48100000.0,6012500.0
15,HSYELLAKAFGLAPR,1590000.0,106000.0
16,LSSPATARNR,1770000.0,177000.0
17,GFAGDDAPR,8100.0,900.0
18,SLVNLGGSK,28400.0,3155.5555555555557
19,VVVESLPR,2030000.0,253750.0
20,LGEHNLDVLEGN,61200.0,5100.0
21,VAEVSLPR,1120000.0,140000.0
22,LVGGYTCGANTVPYQVSLNSG,1570000.0,74761.90476190476
23,LGEHNLDVL,1720000.0,191111.11111111112
24,DYKMAGK,11100.0,1585.7142857142858
25,LLTHPNFNGN,26600.0,2660.0
26,MHLMDPGLVQR,624000.0,56727.27272727273
27,VADLDLPR,57900.0,7237.5
28,LATVSLPR,15600000.0,1950000.0
29,VNWLQQTLAAN,3540.0,321.8181818181818
30,VAKLHEK,2220000.0,317142.85714285716
31,VAKLHEK,2220000.0,317142.85714285716
32,VVTVTVPR,42500000.0,5312500.0
33,LGEHNLDVLEGNEQFLN,11400.0,670.5882352941177
34,LGEHNLDVLEGNEQ,30000.0,2142.8571428571427
35,VCNYVNWLQQTLAAN,11500.0,766.6666666666666
36,VATVDLPR,1690000.0,211250.0
37,VPRSLPR,1870000.0,267142.85714285716
38,FLDSGWSTK,0.0,0.0
39,LVGGYTCAAN,166000.0,16600.0
40,TLRKLLVR,125000.0,15625.0
41,LSSPATLNSRVATVSLPR,5340.0,296.6666666666667
42,TAPSASCGR,6800.0,755.5555555555555
43,EFHPGALR,490000.0,61250.0
44,TLAKPLGK,172000.0,21500.0
45,VLVLPVKFK,85300.0,9477.777777777777
46,LDNPATSGRLG,15000.0,1363.6363636363637
47,LGEHNLDVLEGNEQF,39900.0,2660.0
48,ATDGVGEATALDLKLVEAAGR,2240.0,106.66666666666667
49,NPVVTLDFNNN,33900.0,3081.818181818182
50,ALLEAAGVPLAAPSANR,357000.0,21000.0
51,EHANGQPNR,1310.0,145.55555555555554
52,LLNGATAAAPFLH,60100.0,4623.076923076923
53,VAEVLALR,255000.0,31875.0
54,VVAAGAVVGK,255000.0,25500.0
55,QQTATGAK,65300.0,8162.5
56,TPSRAPVR,9500.0,1187.5
57,NVAVYAPNPE,135000.0,13500.0
58,TFWLKLVQRKWK,8070.0,672.5
59,MHLLHL,1100.0,183.33333333333334
60,DYLGGSRLKGGFQD,7300.0,521.4285714285714
61,NVKVVLLP,148.0,18.5
62,EHANGNFQLVGAGMGQPNR,36000.0,1894.7368421052631
63,NTFGGLSVQNK,41300.0,3754.5454545454545
64,LEAYGVPYR,165000.0,18333.333333333332
65,EAANGLRRLGLR,9090.0,757.5
