,stripped_IL,Area,NAAF_num.
0,VTDAELAEVLAR,167000.0,13916.666666666666
1,ALQQQLENPLAQQLLSGELVPGK,0.0,0.0
2,LSSPATLNSR,56500000.0,5650000.0
3,LGEHNLDVLEGNEQFLNAAK,21700.0,1085.0
4,ALQQQLENPLAQQLLSGELVPGK,40100.0,1743.4782608695652
5,LLTHPNFNGNTLDND,43900.0,2926.6666666666665
6,LDLLDEAASSLR,8660.0,721.6666666666666
7,GNEQFLNAAK,31900.0,3190.0
8,HESGVHR,0.0,0.0
9,MDQVNNAVAAVDGK,20200.0,1442.857142857143
10,KKPGPDFVK,0.0,0.0
11,LSSPATARNR,1420000.0,142000.0
12,NTYNLFR,1810.0,258.57142857142856
13,LADLDLPANPTYVK,7670.0,547.8571428571429
14,VVAVSGGPSPR,2360.0,214.54545454545453
15,RRFLTLLVK,14600.0,1622.2222222222222
16,KLLGPAPK,1420.0,177.5
17,LSSPATRGDR,660000.0,66000.0
18,SHLAFSR,17300.0,2471.4285714285716
19,VPFSADLGLLNPKSLMT,0.0,0.0
20,YVKKSSK,0.0,0.0
21,KTQDALLNGGLR,0.0,0.0
22,VQPSQDLVR,1320000.0,146666.66666666666
23,DTEHLADLVKR,0.0,0.0
24,LVNHRCK,20800.0,2971.4285714285716
25,NLKVSKTQTFEDQTKQGR,0.0,0.0
26,LSSLNDQSTL,207000.0,20700.0
27,LLKVPLLVLRKLTLNVR,284000.0,16705.882352941175
28,ARRPGGR,0.0,0.0
