,stripped_peptide,Area,NAAF_num.
0,LSSPATLNSR,1060000.0,106000.0
1,LSSPATLNSR,24300.0,2430.0
2,LSSPAELNSR,1420000.0,142000.0
3,LSSPATLNSR,76700.0,7670.0
4,LSSPADLNSR,660000.0,66000.0
5,EMHPRLK,99100.0,14157.142857142857
6,NWQFLNAAK,31900.0,3544.4444444444443
7,LDLLNEAASVTR,8660.0,721.6666666666666
8,LSSPATLNSR,,
9,EMHPRLK,65900.0,9414.285714285714
10,LSSPATLNSR,315000.0,31500.0
11,LSSPATLNSR,55100000.0,5510000.0
12,EMHPRLK,5070.0,724.2857142857143
13,EMHPRLK,21200.0,3028.5714285714284
14,VTNAELAEVLAR,99800.0,8316.666666666666
15,QFLNAAK,,
16,TVDAELAEVLAR,4100.0,341.6666666666667
17,VTNAELMFR,43200.0,4800.0
18,GNVMAVAAENR,20200.0,1836.3636363636363
19,VTDFMGAEVLAR,2030.0,169.16666666666666
