,stripped_peptide,Area,NAAF_num.
0,LSSPATLNSR,2380000.0,238000.0
1,LATVSLPR,28000000.0,3500000.0
2,LNSPATLNSR,1260000.0,126000.0
3,VATVSPLR,613000.0,76625.0
4,VEPVLLGEFYK,3090000.0,280909.0909090909
5,VATVSPLR,56700.0,7087.5
6,VVTVSLPR,70.9,8.8625
7,NNPVLLWFYK,15600.0,1560.0
8,DNPVLLWFYK,103000.0,10300.0
9,EVPVLLEFYK,304000.0,30400.0
10,NNPVLLHAFYK,48200.0,4381.818181818182
11,TTTVSLPR,618000.0,77250.0
12,LSSPADLNSR,233000.0,23300.0
13,VVTVSLPR,16000000.0,2000000.0
14,NNPVLLRGK,171000.0,19000.0
15,TPSPATLNSR,366000.0,36600.0
16,VATVSPLR,587000.0,73375.0
17,VPGVSLPR,268000.0,33500.0
18,TTTVSLPR,21400.0,2675.0
19,NNPVLLTVMYK,153000.0,13909.09090909091
20,NNPVLLWPVK,3120.0,312.0
21,NPVLLWPVGK,121000.0,12100.0
22,LSAPATWQR,101000.0,11222.222222222223
23,VVTVSLPR,,
24,VEPVLLWGFYK,10900.0,990.9090909090909
25,VATVTHGK,10000.0,1250.0
26,VPLLWQGPR,68200.0,7577.777777777777
27,SGKSPATLNSR,,
28,MPPVLLWFYK,108000.0,10800.0
29,NNPVLLNRK,,
30,NNPVLLWPGVK,,
31,LATVLPDK,,
32,VATVTVPR,,
33,KAVLQSNR,,
34,LATVSLPR,3710000.0,463750.0
35,RVHLYAPR,,
36,CENSSPATLSNR,435000.0,36250.0
37,RGPLLWYFK,359000.0,39888.88888888889
38,QEFLSSPATTKLK,,
39,RYALSSPATLKTK,,
40,NVSLVLPQR,,
41,MTLPVPR,41500.0,5928.571428571428
42,LANHFLR,233000.0,33285.71428571428
43,MPPVLLWGFYK,46000.0,4181.818181818182
44,NVLLWGQPR,161000.0,17888.88888888889
45,LAKMRNR,285000.0,40714.28571428572
46,CR,1870000.0,935000.0
47,KATAAGLPR,2790000.0,310000.0
48,CMDLSSPAVDSNR,393.0,30.23076923076923
49,CGPR,1870000.0,467500.0
50,MK,41800.0,20900.0
51,FLKLLHAK,5060.0,632.5
52,VVLHRMK,68600.0,9800.0
53,APANALLWYFK,767.0,69.72727272727273
54,TYDLVTHVVFRLR,16400.0,1261.5384615384614
55,SPHLPVPR,187000.0,23375.0
56,KPPLKPR,3470.0,495.7142857142857
57,LLLLKYKSGK,,
