,stripped_IL,Area,NAAF_num.
0,NNPVLLGEPGVGK,3210000.0,246923.07692307694
1,NNPVLLGEPGVGK,103000.0,7923.076923076923
2,LSSPATLNSR,2380000.0,238000.0
3,VVTVVDPR,2790000.0,348750.0
4,VATVSLPR,1260000.0,157500.0
5,QVEGTGGDVQPSQDLVR,152000.0,8941.176470588236
6,LATVSLPR,28000000.0,3500000.0
7,NPVLLGEPGVGK,362000.0,30166.666666666668
8,VATVHGTK,10000.0,1250.0
9,VVTVTVPR,16000000.0,2000000.0
10,QSELLGLR,0.0,0.0
11,SNFGLDLTGK,6750.0,675.0
12,LATVVPEK,3710000.0,463750.0
13,PVLLGEPGVGK,68200.0,6200.0
14,MTNNPDRLR,102000.0,11333.333333333334
15,HLWYVR,17800.0,2966.6666666666665
16,HLWYVR,17800.0,2966.6666666666665
17,NNLVSVEQLNSR,0.0,0.0
18,LPQVEGTGGDVQPSQD,96100.0,6006.25
19,GGPAQFSSA,0.0,0.0
20,VPRSLPR,268000.0,38285.71428571428
21,SDECLQK,0.0,0.0
22,RPGLGLEPVGK,121000.0,11000.0
23,TPDLLHSAR,0.0,0.0
24,GLGGKPGQL,45000.0,5000.0
25,VARLLDR,0.0,0.0
26,LLYKPLPEDDPR,56900.0,4741.666666666667
27,VLVHRMK,117000.0,16714.285714285714
28,LSWLLLVR,12700.0,1587.5
29,VTAVEVEK,640000.0,80000.0
30,NGLSDAAKRGK,0.0,0.0
31,VVSPADVGGSR,366000.0,33272.72727272727
32,NMVVFGKVQDGK,88200.0,7350.0
33,LYKVLVKNKK,0.0,0.0
34,FKLLKSLSVPK,2490.0,226.36363636363637
35,LSSPATRGDR,233000.0,23300.0
36,APANAPTPSPSR,0.0,0.0
37,LHLPLLRLLLLVRWR,6760.0,450.6666666666667
38,RTALSKLLR,18300.0,2033.3333333333333
39,AGVVFLGLANK,0.0,0.0
40,RTRGPLK,0.0,0.0
41,RTRGPLK,0.0,0.0
42,LVVASLR,0.0,0.0
43,YYEFQR,0.0,0.0
44,PVMFAPSALAHR,0.0,0.0
45,VLEGNEQFLNAAK,43600.0,3353.846153846154
46,VALYVGGQQR,0.0,0.0
47,KLLDPLKELYK,24400.0,2218.181818181818
48,VAHKLFR,1250000.0,178571.42857142858
49,VVGVVLER,16700000.0,2087500.0
50,FLAESNLK,0.0,0.0
51,RLLLVVPVTLLLLLGM,20500.0,1281.25
52,KKRHTR,0.0,0.0
53,KPPLKPR,3470.0,495.7142857142857
54,DLPVLLVNQ,171000.0,19000.0
55,EHCYVLDFSPNR,0.0,0.0
56,AFKKSKSLSK,0.0,0.0
57,LKTANQALLLLKK,24300.0,1869.2307692307693
58,KVLVHKR,0.0,0.0
59,DLVKYFALLR,11300.0,1130.0
60,ALGDLVNLLEELTASMK,0.0,0.0
61,HNGSSTLLDNH,0.0,0.0
62,QLRPLFVLLCAK,0.0,0.0
63,KGFSGTTTK,2420.0,268.8888888888889
64,LLHENVSSYLAVKATVK,101000.0,5941.176470588235
65,VQAAMAFVENKPESR,0.0,0.0
