,stripped_IL,Area,NAAF_num.
0,SCLLSGWGNTK,2450000.0,222727.27272727274
1,LGEHNLDVLEGNEQFLNAAK,3050000.0,152500.0
2,SSGSSYPSLLQCLK,417000.0,29785.714285714286
3,SCTK,28200.0,7050.0
4,LSSPATLNSR,17800000.0,1780000.0
5,LVGGYTCAANSLPYQVSLNSG,5480000.0,260952.38095238095
6,LGEHNLDVLEGNEQ,256000.0,18285.714285714286
7,LGEHNLDVLEGNEQFLNAAK,7750.0,387.5
8,APVLSDSSCK,20100.0,2010.0
9,LGEHNLDVLEGNEQFLNAAK,150000.0,7500.0
10,LVGGYTCAANSLPYQVSLNS,1580000.0,79000.0
11,LVGGYTCAANSLPY,321000.0,22928.571428571428
12,VATVSLPR,38400000.0,4800000.0
13,LSSPATARNR,161000.0,16100.0
14,SLVNLGGSK,40300.0,4477.777777777777
15,LGEHNLDVLEGNEQF,59000.0,3933.3333333333335
16,GSDSSYESLLLDLR,165000.0,11785.714285714286
17,VVTVTVPR,32900000.0,4112500.0
18,LVGGYTCGANTVPYQVSLNSG,3230000.0,153809.52380952382
19,VPVLFLTAKDAVEDR,13400.0,893.3333333333334
20,LVGGYTCVSLNSG,46600.0,3584.6153846153848
21,LATVSLPR,11700000.0,1462500.0
22,KLALSSTK,51900.0,6487.5
23,VPRSLPR,1430000.0,204285.7142857143
24,LGEHNLD,29800.0,4257.142857142857
25,NLDVLEGNEQFLNAAK,5710.0,356.875
26,EPGLYKLTAK,29600.0,2960.0
27,RLLARNK,8480.0,1211.4285714285713
28,RLLARNK,8480.0,1211.4285714285713
29,RLLARNK,8480.0,1211.4285714285713
30,LFTAVGAPFVR,1110000.0,100909.09090909091
31,NPDNLVK,3940.0,562.8571428571429
32,KNGVVKSLTK,27600.0,2760.0
33,LESVAPKKK,26800.0,2977.777777777778
34,LFLLPQSR,250000.0,31250.0
35,AARKGSSATAR,224000.0,20363.636363636364
36,MKAGLKPEK,365000.0,40555.555555555555
37,FASLGHVPTPR,275000.0,25000.0
38,LLWHEK,203000.0,33833.333333333336
39,FPLANSR,308000.0,44000.0
40,RLVVQQGK,89400.0,11175.0
41,LDRFLALSK,68100.0,7566.666666666667
42,TDLANAVVAR,288000.0,28800.0
43,GKLQKAGTLK,26400.0,2640.0
44,MLLLPNLK,48300.0,6037.5
45,MVAR,3050.0,762.5
46,SCLLSGWGNTK,23400.0,2127.2727272727275
47,LQVPVDFTR,6640.0,737.7777777777778
48,AHLLFLR,52500.0,7500.0
49,LQLLLLLLL,225000.0,25000.0
50,MARLLLLN,1800000.0,225000.0
51,VYRSMLLK,0.0,0.0
52,GVLGGSLLAR,21300.0,2130.0
53,HLMHLL,867000.0,144500.0
54,QLLLLFGGSSK,262000.0,23818.18181818182
55,VATALLAPR,115000.0,12777.777777777777
56,VAHALFVLGG,6250.0,625.0
57,QRAPLSFSLL,104000.0,10400.0
58,SPGSGFLSVSK,11600.0,1054.5454545454545
59,YGALQGSRSK,29900.0,2990.0
60,LFLSHVNK,437000.0,54625.0
61,NLGLLPK,4070.0,581.4285714285714
