,stripped_IL,Area,NAAF_num.
0,SCLLSGWGNTK,1110000.0,100909.09090909091
1,SSGSSYPSLLQCLK,294000.0,21000.0
2,ALEESNYELEGK,213000.0,17750.0
3,APVLSDSSCK,62700.0,6270.0
4,LSSPATLNSR,17500000.0,1750000.0
5,STSSFSCLSR,252000.0,25200.0
6,DAEAWFNEK,108000.0,12000.0
7,LGEHNLDVLEGNEQFLNAAK,124000.0,6200.0
8,TLLEGEESR,63900.0,7100.0
9,VQK,12200.0,4066.6666666666665
10,STMSR,73500.0,14700.0
11,LVGGYTCAANSLPYQVSLNSG,2680000.0,127619.04761904762
12,SLVNLGGSK,63100.0,7011.111111111111
13,GGSGGSYGGGGSGGGYGGGSGSR,10600.0,460.8695652173913
14,ALEEANADLEVK,8890.0,740.8333333333334
15,LVGGYTCAAN,348000.0,34800.0
16,LGEHNLDVLEGNEQ,124000.0,8857.142857142857
17,SGGGGGRFSSCG,5210.0,434.1666666666667
18,VATVSLPR,41600000.0,5200000.0
19,LASYLDK,116000.0,16571.428571428572
20,LASYLDK,116000.0,16571.428571428572
21,LASYLDK,116000.0,16571.428571428572
22,SLVNLGGSK,17000.0,1888.888888888889
23,NPLLLKYLK,6570.0,730.0
24,YEELQLTAGR,134000.0,13400.0
25,VTMNLNDR,9920.0,1240.0
26,LGGDALDLK,23800.0,2644.4444444444443
27,SLNFASFLDK,3290.0,329.0
28,LVGGYTCAANSLPYQVSLNS,748000.0,37400.0
29,TEELDR,5800.0,966.6666666666666
30,TEELDR,5800.0,966.6666666666666
31,LELESEVR,29800.0,3725.0
32,FLEQTK,73100.0,12183.333333333334
33,LATVSLPR,7820000.0,977500.0
34,KRPMHTLVPAM,374000.0,34000.0
35,LVGGYTCGANTVPYQVSLNSG,1560000.0,74285.71428571429
36,LGEHNLDVL,278000.0,30888.88888888889
37,STMELNSR,24300.0,3037.5
38,YVNWLQQTLAAN,19100.0,1591.6666666666667
39,SCLLSGWGNTK,19600.0,1781.8181818181818
40,SCLLSGWGN,98400.0,10933.333333333334
41,MHLMDPGLVQR,1170000.0,106363.63636363637
42,SLDLDSLLAEVK,19300.0,1608.3333333333333
43,SGGGGGRFSSCGG,7440.0,572.3076923076923
44,FLEQTK,18600.0,3100.0
45,PLPKYVR,77500.0,11071.42857142857
46,VVTVTVPR,11800000.0,1475000.0
47,LLSGNTR,4610.0,658.5714285714286
48,GPLASPPGR,73100.0,8122.222222222223
49,VFEAPGGK,143000.0,17875.0
50,GGGGGGGLGSGGSLR,15100.0,1006.6666666666666
51,SRSGGGGGGGLGSGGSLR,81600.0,4533.333333333333
52,LTSNAVRVPVPNVSLAL,6440.0,378.8235294117647
53,NTFGGLSVQNK,111000.0,10090.90909090909
54,LVGGYTCAANSLPY,188000.0,13428.57142857143
55,VVSLSLPR,11800000.0,1475000.0
56,AEYEDLATR,98400.0,10933.333333333334
57,RPRPLPLSLSQPVLGGGR,29400.0,1633.3333333333333
