,stripped_IL,Area,NAAF_num.
0,SCLLSGWGNTK,1730000.0,157272.72727272726
1,SSGSSYPSLLQCLK,367000.0,26214.285714285714
2,LGEHNLDVLEGNEQFLNAAK,247000.0,12350.0
3,SCLLSGWGN,237000.0,26333.333333333332
4,APVLSDSSCK,198000.0,19800.0
5,LVGGYTCAANSLPYQVSLNSG,2970000.0,141428.57142857142
6,GSGGGSSGGSLGGR,30100.0,2150.0
7,LSSPATLNSR,35200000.0,3520000.0
8,LSSPATLNSR,270000.0,27000.0
9,GSGGGSSGGSLGGRGSSSGGVK,8310.0,377.72727272727275
10,LVGGYTCAANSLPYQVSLNS,690000.0,34500.0
11,LLTHPNFNGNTLDND,84100.0,5606.666666666667
12,GGGGGGGLGSGGSLR,23200.0,1546.6666666666667
13,SLVNLGGSK,134000.0,14888.888888888889
14,LVGGYTCGANTVPYQVSLNSG,2140000.0,101904.76190476191
15,SCTK,22500.0,5625.0
16,VATVSLPR,77800000.0,9725000.0
17,LGEHNLDVLEGNEQ,138000.0,9857.142857142857
18,LSGTSAAQR,277000.0,30777.777777777777
19,LGEHNLD,551000.0,78714.28571428571
20,LPLLSTTK,210000.0,26250.0
21,LATVSLPR,14900000.0,1862500.0
22,VAEVSLPR,124000.0,15500.0
23,VVTVTVPR,33300000.0,4162500.0
24,LLWHEK,31000.0,5166.666666666667
25,LLWHEK,31000.0,5166.666666666667
26,LLWHEK,31000.0,5166.666666666667
27,LLWHEK,31000.0,5166.666666666667
28,SSPATLNSR,129000.0,14333.333333333334
29,MHQRPTLQTGK,6160000.0,560000.0
30,LGEHNLDVL,611000.0,67888.88888888889
31,VCQTLAAN,126.0,15.75
32,TYRTDLLK,425000.0,53125.0
33,LELSELNR,69700.0,8712.5
34,GGSGGSYGGGGSGGGYGGGSGSR,16000.0,695.6521739130435
35,VPRSLPR,3160000.0,451428.5714285714
36,REQVHTLEER,4430.0,443.0
37,NTFGGLSVQNK,235000.0,21363.636363636364
38,VAQVALLR,0.0,0.0
39,EQNKLK,9640.0,1606.6666666666667
40,DLFANPK,100000.0,14285.714285714286
41,TLEELEEK,19200.0,2400.0
42,SRLQVR,33600.0,5600.0
43,WKLPPSK,409000.0,58428.57142857143
44,VAHKLFR,0.0,0.0
45,LDRFLALSK,34900.0,3877.777777777778
46,VDNGLA,1470.0,245.0
47,TPSAPMMR,35600.0,4450.0
48,AQYLGLSWQ,6720.0,746.6666666666666
49,SLTVLSPR,9260.0,1157.5
50,SLTVLSPR,9260.0,1157.5
