,stripped_IL,Area,NAAF_num.
0,SCLLSGWGNTK,749000.0,68090.90909090909
1,LGEHNLDVLEGNEQFLNAAK,858000.0,42900.0
2,SSGSSYPSLLQCLK,159000.0,11357.142857142857
3,APVLSDSSCK,29300.0,2930.0
4,LSSPATLNSR,495000.0,49500.0
5,LSSPATLNSR,25200000.0,2520000.0
6,LGEHNLDVLEGN,89600.0,7466.666666666667
7,LVGGYTCAANSLPYQVSLNSG,1480000.0,70476.19047619047
8,LLTHPNFNGNTLDND,358000.0,23866.666666666668
9,AQQTADEANER,10500.0,954.5454545454545
10,VEVEVVGTR,45100.0,5011.111111111111
11,LGEHNLDVLEGNEQ,157000.0,11214.285714285714
12,MHSLVKK,67300.0,9614.285714285714
13,LGEHNLDVLEGNEQFLNAAK,4500.0,225.0
14,VATVSLPR,45200000.0,5650000.0
15,SCTK,12700.0,3175.0
16,SPATLNSR,125000.0,15625.0
17,LLTHPNFNGNTLDN,69400.0,4957.142857142857
18,LLTHPNFNGNTL,50200.0,4183.333333333333
19,VVTVTVPR,19100000.0,2387500.0
20,LVGGYTCAANSLPYQVSLNS,332000.0,16600.0
21,LGEHNLDVLEGNEQFLNAAK,4010.0,200.5
22,LATVSLPR,10000000.0,1250000.0
23,LGEHNLD,182000.0,26000.0
24,LLTHPNFNGNTLD,172000.0,13230.76923076923
25,SLVNLGGSK,33800.0,3755.5555555555557
26,NTFGGLSVQNK,86500.0,7863.636363636364
27,WSSSELSMLEENTQAAK,854000.0,50235.294117647056
28,LPLLSTTK,109000.0,13625.0
29,LGEHNLDVL,242000.0,26888.88888888889
30,TPSAPEFTG,10700.0,1188.888888888889
31,ATGNGFDNLLTGNDGNNT,7590.0,421.6666666666667
32,LDAFSDAR,90000.0,11250.0
33,VAQVALLR,0.0,0.0
34,LGEHNLDVLEGNE,63000.0,4846.153846153846
35,SSPATLNSR,76400.0,8488.888888888889
36,NLDVLEGNEQFLNAAK,10400.0,650.0
37,EEKNMGQLNMANPLNR,6060.0,378.75
38,ALLDDMALAR,0.0,0.0
39,LVGGYTCVSLNSG,48400.0,3723.076923076923
40,REQVHTLEER,7830.0,783.0
41,TTLVLGPK,106000.0,13250.0
42,VPRSLPR,1840000.0,262857.14285714284
43,YQLFNLSFL,12000.0,1333.3333333333333
44,PATLSNR,11600.0,1657.142857142857
45,TLEGALLAR,209000.0,23222.222222222223
46,LVGGYTCGANTVPYQVSLNSG,549000.0,26142.85714285714
47,GNFELFKKLYEWKPSLK,0.0,0.0
48,GDTVQLLQK,16100.0,1788.888888888889
49,GKLGGQHK,18600.0,2325.0
50,LAKFLAKK,0.0,0.0
51,LAKFLAKK,0.0,0.0
52,LAKFLAKK,0.0,0.0
