,stripped_IL,Area,NAAF_num.
0,RHPYFYAPELLFFAK,103000.0,6866.666666666667
1,AVMDDFAAFVEK,0.0,0.0
2,VLEGNEQFLNAAK,180000.0,13846.153846153846
3,LSSPATLNSR,15600000.0,1560000.0
4,LSSPATLNSR,495000.0,49500.0
5,GNEQFLNAAK,39100.0,3910.0
6,RHPDYSVVLLLR,63600.0,5300.0
7,LLTHPNFNGNTLDND,312000.0,20800.0
8,AQQTADEANER,28700.0,2609.090909090909
9,LTATEDAAAR,52400.0,5240.0
10,SCL,41800.0,13933.333333333334
11,VEVEVVGTR,34000.0,3777.777777777778
12,LGHHTAPR,9920.0,1240.0
13,VATVSLPR,20500000.0,2562500.0
14,LLTHPNFN,20200.0,2525.0
15,LAADDFR,14100.0,2014.2857142857142
16,LLTHPNFNGNTLD,144000.0,11076.923076923076
17,SLSLSVAR,17800.0,2225.0
18,AVSADEAAK,71900.0,7988.888888888889
19,VPRSLPR,533000.0,76142.85714285714
20,TPSQERK,6450.0,921.4285714285714
21,LATVDVPR,150000.0,18750.0
22,LGDLVSPR,40100.0,5012.5
23,QMTLQDMLNVLEENRNR,558.0,32.8235294117647
24,MHLMDPGLVQR,118000.0,10727.272727272728
25,VVTVTVPR,18400000.0,2300000.0
26,LGTVTPLR,10600000.0,1325000.0
27,SCLLSGWGNTK,55800.0,5072.727272727273
28,LTAEGLPR,67200.0,8400.0
29,NGGTTKMTVLLSANGGGGGGSK,86900.0,3950.0
30,SSPATLNSR,187000.0,20777.777777777777
31,VATVTEVR,124000.0,15500.0
32,TAGWGYLK,26800.0,3350.0
33,VAQVALLR,0.0,0.0
34,VAHVTGTK,5700.0,712.5
35,NDVTGNLLK,0.0,0.0
36,KQYDTVMSSQQR,68900.0,5741.666666666667
37,EYNMKK,691000.0,115166.66666666667
38,TVTTSLPR,33700.0,4212.5
39,LGEHNLD,116000.0,16571.428571428572
40,APLGTHER,3900.0,487.5
41,GWLKVR,12600.0,2100.0
42,GWLKVR,12600.0,2100.0
43,LSRSDER,30300.0,4328.571428571428
44,YLAKSKDGLEALK,89000.0,6846.153846153846
45,LGEHNLDVLEGNEQ,43100.0,3078.5714285714284
46,NTFGGLSVQNK,85000.0,7727.272727272727
47,VATRNPAK,103000.0,12875.0
48,TLEELQK,21800.0,3114.285714285714
49,LATNARPK,150000.0,18750.0
50,GQPPPFRARHGRLGPGAATGR,264000.0,12571.42857142857
51,LEDAESR,5880.0,840.0
52,LEDAESR,5880.0,840.0
53,GFKDGVYMYK,11800.0,1180.0
54,LNPDFFK,581.0,83.0
55,LNPDFFK,581.0,83.0
56,GRWTGVDTPK,2570.0,257.0
57,CK,19300.0,9650.0
58,LATLLSPR,0.0,0.0
59,RDAAVLHQHHL,2800000.0,254545.45454545456
60,KRHLLFKK,56800.0,7100.0
61,RAACQLPEGASVMLR,2480.0,165.33333333333334
62,LYAVLALLVLSVGR,15700.0,1121.4285714285713
63,TTCPR,19400.0,3880.0
64,VAAELGPR,8460.0,1057.5
65,LTLATVLPSR,9610.0,961.0
