,NAAF,A,C,D,E,F,G,H,I,K,L,M,N,P,Q,R,S,T,V,W,Y,c-carb,m-oxid,n-deam,q-deam,% C w/ carb.,% M w/ oxid,% N w/ deam,% Q w/ deam,NAAF check
sample total,206.19698262086555,147.67511338109372,3.080863814069427,5.636065304640174,5.174421293511659,4.3468136299910185,12.081408945265352,2.462245107354286,0.0,10.869366142523578,251.6970107639909,6.840465271439275,32.87120846675013,200.08491123032078,4.4024903232755985,197.82948755473723,243.06541770481323,199.5139667889269,387.97860847045354,2.2097996888420477,2.3398603037603682,3.080863814069427,3.0617144838214223,1.8458232174034759,0.7382023021203922,1.0,0.44758863064547355,0.0561531900864114,0.1676783474611127,0.000321502869981551
