,A,C,D,E,F,G,H,I,K,L,M,N,P,Q,R,S,T,V,W,Y,c-carb,m-oxid,n-deam,q-deam,Total area,Total length,% C w/ carb,% M w/ oxid,% N w/ deam,% Q w/ deam,NAAF denom.
sample total,119,44,59,92,42,110,43,0,140,246,82,146,76,50,77,169,98,139,40,37,44,37,19,5,1092866320.0,1704,1.0,0.45121951219512196,0.13013698630136986,0.1,641353.4741784037
