,A,C,D,E,F,G,H,I,K,L,M,N,P,Q,R,S,T,V,W,Y,c-carb,m-oxid,n-deam,q-deam,Total area,Total length,% C w/ carb,% M w/ oxid,% N w/ deam,% Q w/ deam,NAAF denom.
sample total,184,76,87,121,56,146,39,0,207,327,117,203,121,60,111,234,160,181,42,53,76,67,42,4,2230072061.17,2276,1.0,0.5726495726495726,0.20689655172413793,0.06666666666666667,979820.765013181
