,NAAF,A,C,D,E,F,G,H,I,K,L,M,N,P,Q,R,S,T,V,W,Y,c-carb,m-oxid,n-deam,q-deam,% C w/ carb.,% M w/ oxid,% N w/ deam,% Q w/ deam,NAAF check
sample total,275.8556011652905,190.3543724441324,7.189159176237946,5.088807000441672,4.733459123724791,5.330870801742098,18.42068453307528,0.6974800741892754,0.0,13.836876511318167,345.67997259989227,8.677985519716554,54.77711804518055,269.58598713254725,3.565158950598657,267.1652679737581,352.72781988733726,267.38977267934547,504.50560395681384,1.686630843481356,1.1993890823894573,7.189159176237946,6.263815352790489,3.8385158389224636,0.43643186108055837,1.0,0.7218052321658036,0.0700751696311666,0.12241582132187213,0.0002815367983772323
