,NAAF,A,C,D,E,F,G,H,I,K,L,M,N,P,Q,R,S,T,V,W,Y,c-carb,m-oxid,n-deam,q-deam,% C w/ carb.,% M w/ oxid,% N w/ deam,% Q w/ deam,NAAF check
sample total,92.64579434736962,75.87559805988234,2.489946614476824,2.2681495026319984,3.2293570581881457,0.9510917972896262,6.882540015974403,1.8324140575787946,25.241345657621785,2.093369019692299,94.43713616657092,0.9643956728995633,20.300838281995087,90.97454581713784,2.1753606674706196,90.88060647574574,109.60326350018258,104.32659384788542,153.78905230545203,0.7651133538989628,1.4977020023879672,2.489946614476824,0.12267812482878192,0.4383948885267849,0.47383353353885993,1.0,0.1272072534916467,0.021594915561472132,0.2178183786368655,0.00039739903230098843
