,NAAF,A,C,D,E,F,G,H,I,K,L,M,N,P,Q,R,S,T,V,W,Y,c-carb,m-oxid,n-deam,q-deam,% C w/ carb.,% M w/ oxid,% N w/ deam,% Q w/ deam,NAAF check
sample total,154.494225678441,122.96646436676326,3.1058513281550244,5.983102233690372,5.962707788164694,2.9834378765354925,9.39994066314608,1.921631039204342,20.402397777329817,4.9731623406937295,160.4881607772048,0.9773933143368863,30.795672699293494,150.28345559077331,2.593101846735203,150.5716745268203,168.63500359305996,179.883167025792,277.6535244144754,1.1677636017680753,2.228570242149748,3.1058513281550244,0.5100439562883342,1.2929119896530457,1.1198919145037372,1.0,0.5218410529382168,0.04198356055663325,0.4318734784419348,0.0008157710640470199
