,A,C,D,E,F,G,H,I,K,L,M,N,P,Q,R,S,T,V,W,Y,c-carb,m-oxid,n-deam,q-deam,Total area,Total length,% C w/ carb,% M w/ oxid,% N w/ deam,% Q w/ deam,NAAF denom.
sample total,134,23,64,83,47,112,15,89,67,144,19,89,62,51,66,124,69,94,8,30,23,10,22,24,244873890.0,1293,1.0,0.5263157894736842,0.24719101123595505,0.47058823529411764,189384.29234338747
