,NAAF,A,C,D,E,F,G,H,I,K,L,M,N,P,Q,R,S,T,V,W,Y,c-carb,m-oxid,n-deam,q-deam,% C w/ carb.,% M w/ oxid,% N w/ deam,% Q w/ deam,NAAF check
sample total,73.95352184318057,53.33913121910736,2.705925354437716,2.939904944588958,9.790767657763489,2.8006506961142037,10.904842477524685,2.8647749521548507,8.337957048312472,3.4280258075666,72.81700433789798,0.17342266205775825,22.360174840370235,71.7188571734749,4.371592696064409,71.02391918883845,73.93185731075359,92.1357070610515,155.1415847213315,0.9192763425669008,2.8111937116889956,2.705925354437716,0.14353882596981382,0.9273820628155304,0.16271584491521285,1.0,0.8276820587727362,0.041474723227172,0.037221181438449234,0.00013735671568674619
