,A,C,D,E,F,G,H,I,K,L,M,N,P,Q,R,S,T,V,W,Y,c-carb,m-oxid,n-deam,q-deam,Total area,Total length,% C w/ carb,% M w/ oxid,% N w/ deam,% Q w/ deam,NAAF denom.
sample total,54,10,21,28,14,61,16,48,30,65,7,52,44,27,43,63,40,45,6,16,10,4,8,4,354270391.0,658,1.0,0.5714285714285714,0.15384615384615385,0.14814814814814814,538404.849544073
