,NAAF,A,C,D,E,F,G,H,I,K,L,M,N,P,Q,R,S,T,V,W,Y,c-carb,m-oxid,n-deam,q-deam,% C w/ carb.,% M w/ oxid,% N w/ deam,% Q w/ deam,NAAF check
sample total,104.01938709056967,68.70531279660541,4.099605204202846,2.1055591040706605,8.157166853778953,2.356571695598969,15.501937222101088,5.661436798141884,7.32351720808263,6.746812214033804,96.2718520312164,4.223736764299841,23.365009437630167,102.56914662987228,10.389118648616357,101.53350870107475,95.69902192122409,136.68396649634562,222.4201960040261,0.9762449399896873,3.640532017032231,4.099605204202846,0.3286025582163423,1.3075585742737186,0.21297670093188786,1.0,0.07779901460568744,0.055962253204479756,0.02049997773008902,0.00019979563188015644
