,A,C,D,E,F,G,H,I,K,L,M,N,P,Q,R,S,T,V,W,Y,c-carb,m-oxid,n-deam,q-deam,Total area,Total length,% C w/ carb,% M w/ oxid,% N w/ deam,% Q w/ deam,NAAF denom.
sample total,69,8,34,45,24,63,17,55,53,73,23,43,39,36,42,55,34,64,4,19,8,7,4,5,34348559.0,787,1.0,0.30434782608695654,0.09302325581395349,0.1388888888888889,43644.928843710295
