,NAAF,A,C,D,E,F,G,H,I,K,L,M,N,P,Q,R,S,T,V,W,Y,c-carb,m-oxid,n-deam,q-deam,% C w/ carb.,% M w/ oxid,% N w/ deam,% Q w/ deam,NAAF check
sample total,57.18714504556965,149.66586416121234,0.8346201043226763,91.16051916174632,55.53584906496782,1.0355720878138976,29.58354287721524,4.681467898908539,135.65925112382567,2.049396803487851,48.20373336158427,2.233956463249558,28.81865858042087,9.063143474371637,26.533708507015756,54.176073992715395,87.62884539434617,6.738815552554293,55.39979601515815,0.4308598726798851,0.44164479278800395,0.8346201043226763,0.10684708296813769,0.08000165790502088,0.24039387764182113,1.0,0.047828632619239045,0.0027760368402217467,0.009059942660418492,0.0013102815506922595
